"state_id","calendar_year","first_treat","cohort","treated","event_time","divorce_rate","simulated_y0","simulated_y1","simulated_cohort_effect"
1,1975,1979,"1979 cohort",0,-4,4.83497882146992,4.83497882146992,5.01497882146992,0.18
1,1976,1979,"1979 cohort",0,-3,4.89064182825865,4.89064182825865,5.07064182825865,0.18
1,1977,1979,"1979 cohort",0,-2,4.82953073143536,4.82953073143536,5.00953073143535,0.18
1,1978,1979,"1979 cohort",0,-1,4.77470149995334,4.77470149995334,4.95470149995334,0.18
1,1979,1979,"1979 cohort",1,0,4.93322371336721,4.75322371336721,4.93322371336721,0.18
1,1980,1979,"1979 cohort",1,1,5.08667680333128,4.90667680333128,5.08667680333128,0.18
1,1981,1979,"1979 cohort",1,2,4.91594279683084,4.73594279683084,4.91594279683084,0.18
1,1982,1979,"1979 cohort",1,3,4.90675374384357,4.72675374384357,4.90675374384357,0.18
1,1983,1979,"1979 cohort",1,4,4.97778595493188,4.79778595493188,4.97778595493188,0.18
1,1984,1979,"1979 cohort",1,5,5.07311352735547,4.89311352735547,5.07311352735547,0.18
1,1985,1979,"1979 cohort",1,6,4.85647731433515,4.67647731433515,4.85647731433515,0.18
1,1986,1979,"1979 cohort",1,7,4.90351266139963,4.72351266139963,4.90351266139963,0.18
1,1987,1979,"1979 cohort",1,8,4.99464535365856,4.81464535365856,4.99464535365856,0.18
1,1988,1979,"1979 cohort",1,9,4.96612867417985,4.78612867417985,4.96612867417985,0.18
2,1975,1979,"1979 cohort",0,-4,5.18748303432838,5.18748303432838,5.36748303432838,0.18
2,1976,1979,"1979 cohort",0,-3,5.38406548837066,5.38406548837066,5.56406548837066,0.18
2,1977,1979,"1979 cohort",0,-2,5.30684507303421,5.30684507303421,5.48684507303421,0.18
2,1978,1979,"1979 cohort",0,-1,5.32293341631839,5.32293341631839,5.50293341631839,0.18
2,1979,1979,"1979 cohort",1,0,5.27417412517002,5.09417412517002,5.27417412517002,0.18
2,1980,1979,"1979 cohort",1,1,5.52501997707742,5.34501997707742,5.52501997707742,0.18
2,1981,1979,"1979 cohort",1,2,5.40430981334843,5.22430981334843,5.40430981334843,0.18
2,1982,1979,"1979 cohort",1,3,5.41805581300755,5.23805581300755,5.41805581300755,0.18
2,1983,1979,"1979 cohort",1,4,5.34879638103352,5.16879638103352,5.34879638103352,0.18
2,1984,1979,"1979 cohort",1,5,5.49968184261374,5.31968184261374,5.49968184261374,0.18
2,1985,1979,"1979 cohort",1,6,5.38409784830632,5.20409784830632,5.38409784830632,0.18
2,1986,1979,"1979 cohort",1,7,5.43719738844728,5.25719738844728,5.43719738844728,0.18
2,1987,1979,"1979 cohort",1,8,5.54405032618135,5.36405032618135,5.54405032618135,0.18
2,1988,1979,"1979 cohort",1,9,5.40077251470119,5.22077251470119,5.40077251470119,0.18
3,1975,1979,"1979 cohort",0,-4,4.77298876589112,4.77298876589112,4.95298876589112,0.18
3,1976,1979,"1979 cohort",0,-3,4.88718491405078,4.88718491405078,5.06718491405078,0.18
3,1977,1979,"1979 cohort",0,-2,4.87519674749525,4.87519674749525,5.05519674749525,0.18
3,1978,1979,"1979 cohort",0,-1,4.81255801203667,4.81255801203667,4.99255801203666,0.18
3,1979,1979,"1979 cohort",1,0,4.91759560242858,4.73759560242858,4.91759560242858,0.18
3,1980,1979,"1979 cohort",1,1,4.98114929855948,4.80114929855948,4.98114929855948,0.18
3,1981,1979,"1979 cohort",1,2,4.91511873057959,4.73511873057959,4.91511873057959,0.18
3,1982,1979,"1979 cohort",1,3,4.96965321569322,4.78965321569322,4.96965321569322,0.18
3,1983,1979,"1979 cohort",1,4,4.95066711637432,4.77066711637432,4.95066711637432,0.18
3,1984,1979,"1979 cohort",1,5,4.79529430346099,4.61529430346099,4.79529430346099,0.18
3,1985,1979,"1979 cohort",1,6,4.84760519795937,4.66760519795938,4.84760519795937,0.18
3,1986,1979,"1979 cohort",1,7,4.92105162483026,4.74105162483026,4.92105162483026,0.18
3,1987,1979,"1979 cohort",1,8,4.99653303391796,4.81653303391796,4.99653303391796,0.18
3,1988,1979,"1979 cohort",1,9,4.68429045843614,4.50429045843614,4.68429045843614,0.18
4,1975,1979,"1979 cohort",0,-4,5.15047578440344,5.15047578440344,5.33047578440344,0.18
4,1976,1979,"1979 cohort",0,-3,5.00961066823615,5.00961066823615,5.18961066823615,0.18
4,1977,1979,"1979 cohort",0,-2,5.06792273331336,5.06792273331336,5.24792273331336,0.18
4,1978,1979,"1979 cohort",0,-1,5.08569050681166,5.08569050681166,5.26569050681166,0.18
4,1979,1979,"1979 cohort",1,0,5.14069519362554,4.96069519362554,5.14069519362554,0.18
4,1980,1979,"1979 cohort",1,1,5.27122120545236,5.09122120545236,5.27122120545236,0.18
4,1981,1979,"1979 cohort",1,2,5.04273791668453,4.86273791668453,5.04273791668453,0.18
4,1982,1979,"1979 cohort",1,3,5.18678520167852,5.00678520167852,5.18678520167852,0.18
4,1983,1979,"1979 cohort",1,4,5.17656355261372,4.99656355261372,5.17656355261372,0.18
4,1984,1979,"1979 cohort",1,5,5.15839382849806,4.97839382849806,5.15839382849806,0.18
4,1985,1979,"1979 cohort",1,6,5.10205623370398,4.92205623370398,5.10205623370398,0.18
4,1986,1979,"1979 cohort",1,7,5.07081754361768,4.89081754361768,5.07081754361768,0.18
4,1987,1979,"1979 cohort",1,8,5.16900897506618,4.98900897506618,5.16900897506618,0.18
4,1988,1979,"1979 cohort",1,9,5.17819408545976,4.99819408545976,5.17819408545976,0.18
5,1975,1979,"1979 cohort",0,-4,5.73023452164425,5.73023452164425,5.91023452164425,0.18
5,1976,1979,"1979 cohort",0,-3,5.81262579151511,5.81262579151511,5.99262579151511,0.18
5,1977,1979,"1979 cohort",0,-2,5.64259028801647,5.64259028801647,5.82259028801647,0.18
5,1978,1979,"1979 cohort",0,-1,5.49550587257449,5.49550587257449,5.67550587257449,0.18
5,1979,1979,"1979 cohort",1,0,5.80445143539456,5.62445143539456,5.80445143539456,0.18
5,1980,1979,"1979 cohort",1,1,5.85091004019578,5.67091004019578,5.85091004019578,0.18
5,1981,1979,"1979 cohort",1,2,5.90073686502446,5.72073686502446,5.90073686502446,0.18
5,1982,1979,"1979 cohort",1,3,5.91772074897454,5.73772074897454,5.91772074897454,0.18
5,1983,1979,"1979 cohort",1,4,5.79444947613786,5.61444947613786,5.79444947613786,0.18
5,1984,1979,"1979 cohort",1,5,5.79463938631971,5.61463938631971,5.79463938631971,0.18
5,1985,1979,"1979 cohort",1,6,5.76127562894702,5.58127562894702,5.76127562894702,0.18
5,1986,1979,"1979 cohort",1,7,5.86297840683575,5.68297840683575,5.86297840683575,0.18
5,1987,1979,"1979 cohort",1,8,5.69128421427564,5.51128421427564,5.69128421427564,0.18
5,1988,1979,"1979 cohort",1,9,5.78179536248254,5.60179536248254,5.78179536248254,0.18
6,1975,1979,"1979 cohort",0,-4,4.77505052211687,4.77505052211687,4.95505052211687,0.18
6,1976,1979,"1979 cohort",0,-3,4.95650740610834,4.95650740610834,5.13650740610834,0.18
6,1977,1979,"1979 cohort",0,-2,4.73111797805055,4.73111797805055,4.91111797805055,0.18
6,1978,1979,"1979 cohort",0,-1,4.67334892353687,4.67334892353687,4.85334892353687,0.18
6,1979,1979,"1979 cohort",1,0,5.02971458165386,4.84971458165386,5.02971458165386,0.18
6,1980,1979,"1979 cohort",1,1,4.95897953125714,4.77897953125714,4.95897953125714,0.18
6,1981,1979,"1979 cohort",1,2,4.90802011542348,4.72802011542348,4.90802011542348,0.18
6,1982,1979,"1979 cohort",1,3,4.88487516285476,4.70487516285476,4.88487516285476,0.18
6,1983,1979,"1979 cohort",1,4,4.98442382170847,4.80442382170847,4.98442382170847,0.18
6,1984,1979,"1979 cohort",1,5,4.89198766328348,4.71198766328348,4.89198766328348,0.18
6,1985,1979,"1979 cohort",1,6,4.86132246683749,4.68132246683749,4.86132246683749,0.18
6,1986,1979,"1979 cohort",1,7,5.00109778243107,4.82109778243107,5.00109778243107,0.18
6,1987,1979,"1979 cohort",1,8,4.92427779146733,4.74427779146733,4.92427779146733,0.18
6,1988,1979,"1979 cohort",1,9,4.71387421467867,4.53387421467867,4.71387421467867,0.18
7,1975,1979,"1979 cohort",0,-4,4.86023190250022,4.86023190250022,5.04023190250022,0.18
7,1976,1979,"1979 cohort",0,-3,4.87695761489394,4.87695761489394,5.05695761489394,0.18
7,1977,1979,"1979 cohort",0,-2,4.70509337022041,4.70509337022041,4.88509337022041,0.18
7,1978,1979,"1979 cohort",0,-1,4.82313131610105,4.82313131610105,5.00313131610105,0.18
7,1979,1979,"1979 cohort",1,0,5.00749257155466,4.82749257155466,5.00749257155466,0.18
7,1980,1979,"1979 cohort",1,1,5.08534285437163,4.90534285437163,5.08534285437163,0.18
7,1981,1979,"1979 cohort",1,2,5.1819676678739,5.0019676678739,5.1819676678739,0.18
7,1982,1979,"1979 cohort",1,3,5.0044343701644,4.8244343701644,5.0044343701644,0.18
7,1983,1979,"1979 cohort",1,4,5.20423299033988,5.02423299033988,5.20423299033988,0.18
7,1984,1979,"1979 cohort",1,5,4.96497349782207,4.78497349782207,4.96497349782207,0.18
7,1985,1979,"1979 cohort",1,6,5.03552659383807,4.85552659383807,5.03552659383807,0.18
7,1986,1979,"1979 cohort",1,7,5.05550809385327,4.87550809385327,5.05550809385327,0.18
7,1987,1979,"1979 cohort",1,8,5.09697241879392,4.91697241879392,5.09697241879392,0.18
7,1988,1979,"1979 cohort",1,9,4.94492402132592,4.76492402132592,4.94492402132592,0.18
8,1975,1979,"1979 cohort",0,-4,5.44586006157108,5.44586006157108,5.62586006157108,0.18
8,1976,1979,"1979 cohort",0,-3,5.40716796697017,5.40716796697017,5.58716796697017,0.18
8,1977,1979,"1979 cohort",0,-2,5.42488658941088,5.42488658941088,5.60488658941088,0.18
8,1978,1979,"1979 cohort",0,-1,5.18054968131357,5.18054968131357,5.36054968131357,0.18
8,1979,1979,"1979 cohort",1,0,5.45727802594608,5.27727802594608,5.45727802594608,0.18
8,1980,1979,"1979 cohort",1,1,5.6052733929919,5.4252733929919,5.6052733929919,0.18
8,1981,1979,"1979 cohort",1,2,5.49815197691066,5.31815197691066,5.49815197691066,0.18
8,1982,1979,"1979 cohort",1,3,5.42766091010067,5.24766091010067,5.42766091010067,0.18
8,1983,1979,"1979 cohort",1,4,5.63618348283526,5.45618348283526,5.63618348283526,0.18
8,1984,1979,"1979 cohort",1,5,5.51648216404938,5.33648216404938,5.51648216404938,0.18
8,1985,1979,"1979 cohort",1,6,5.39180962102382,5.21180962102382,5.39180962102382,0.18
8,1986,1979,"1979 cohort",1,7,5.45635430463209,5.27635430463209,5.45635430463209,0.18
8,1987,1979,"1979 cohort",1,8,5.47203658271057,5.29203658271057,5.47203658271057,0.18
8,1988,1979,"1979 cohort",1,9,5.329538894269,5.149538894269,5.329538894269,0.18
9,1975,1979,"1979 cohort",0,-4,5.10490426953455,5.10490426953455,5.28490426953455,0.18
9,1976,1979,"1979 cohort",0,-3,5.17944659534346,5.17944659534346,5.35944659534346,0.18
9,1977,1979,"1979 cohort",0,-2,5.09227405204278,5.09227405204278,5.27227405204278,0.18
9,1978,1979,"1979 cohort",0,-1,5.05894003697488,5.05894003697488,5.23894003697488,0.18
9,1979,1979,"1979 cohort",1,0,5.21720035386949,5.03720035386949,5.21720035386949,0.18
9,1980,1979,"1979 cohort",1,1,5.39807745254408,5.21807745254408,5.39807745254408,0.18
9,1981,1979,"1979 cohort",1,2,5.26568366988711,5.08568366988711,5.26568366988711,0.18
9,1982,1979,"1979 cohort",1,3,5.24543179683847,5.06543179683847,5.24543179683847,0.18
9,1983,1979,"1979 cohort",1,4,5.20694179773331,5.02694179773331,5.20694179773331,0.18
9,1984,1979,"1979 cohort",1,5,5.25267828359953,5.07267828359953,5.25267828359953,0.18
9,1985,1979,"1979 cohort",1,6,5.15957133040025,4.97957133040025,5.15957133040025,0.18
9,1986,1979,"1979 cohort",1,7,5.18351086976705,5.00351086976705,5.18351086976705,0.18
9,1987,1979,"1979 cohort",1,8,5.02194580237321,4.84194580237321,5.02194580237321,0.18
9,1988,1979,"1979 cohort",1,9,5.03578204419891,4.85578204419891,5.03578204419891,0.18
10,1975,1979,"1979 cohort",0,-4,4.44555305240963,4.44555305240963,4.62555305240963,0.18
10,1976,1979,"1979 cohort",0,-3,4.75424278853152,4.75424278853152,4.93424278853152,0.18
10,1977,1979,"1979 cohort",0,-2,4.5338606136878,4.5338606136878,4.7138606136878,0.18
10,1978,1979,"1979 cohort",0,-1,4.54324037978362,4.54324037978362,4.72324037978362,0.18
10,1979,1979,"1979 cohort",1,0,4.63323216768924,4.45323216768924,4.63323216768924,0.18
10,1980,1979,"1979 cohort",1,1,4.76546984613652,4.58546984613652,4.76546984613652,0.18
10,1981,1979,"1979 cohort",1,2,4.56896090476115,4.38896090476115,4.56896090476115,0.18
10,1982,1979,"1979 cohort",1,3,4.7202878999286,4.5402878999286,4.7202878999286,0.18
10,1983,1979,"1979 cohort",1,4,4.87270244197273,4.69270244197273,4.87270244197273,0.18
10,1984,1979,"1979 cohort",1,5,4.83783162212943,4.65783162212943,4.83783162212943,0.18
10,1985,1979,"1979 cohort",1,6,4.61469659257511,4.43469659257511,4.61469659257511,0.18
10,1986,1979,"1979 cohort",1,7,4.55456851189579,4.37456851189579,4.55456851189579,0.18
10,1987,1979,"1979 cohort",1,8,4.65905098617138,4.47905098617138,4.65905098617138,0.18
10,1988,1979,"1979 cohort",1,9,4.62428023854424,4.44428023854424,4.62428023854424,0.18
11,1975,1982,"1982 cohort",0,-7,4.94086162514522,4.94086162514522,5.24086162514522,0.3
11,1976,1982,"1982 cohort",0,-6,5.18164552049141,5.18164552049141,5.48164552049141,0.3
11,1977,1982,"1982 cohort",0,-5,5.1601195094847,5.1601195094847,5.4601195094847,0.3
11,1978,1982,"1982 cohort",0,-4,5.24147364749592,5.24147364749592,5.54147364749592,0.3
11,1979,1982,"1982 cohort",0,-3,5.1164105680192,5.1164105680192,5.4164105680192,0.3
11,1980,1982,"1982 cohort",0,-2,5.18079700310852,5.18079700310852,5.48079700310852,0.3
11,1981,1982,"1982 cohort",0,-1,5.11719231726561,5.11719231726561,5.41719231726561,0.3
11,1982,1982,"1982 cohort",1,0,5.3171312080921,5.0171312080921,5.3171312080921,0.3
11,1983,1982,"1982 cohort",1,1,5.41373574894426,5.11373574894426,5.41373574894426,0.3
11,1984,1982,"1982 cohort",1,2,5.28601852683108,4.98601852683108,5.28601852683108,0.3
11,1985,1982,"1982 cohort",1,3,5.35519696601604,5.05519696601604,5.35519696601604,0.3
11,1986,1982,"1982 cohort",1,4,5.22576140606922,4.92576140606922,5.22576140606922,0.3
11,1987,1982,"1982 cohort",1,5,5.42488385237366,5.12488385237366,5.42488385237366,0.3
11,1988,1982,"1982 cohort",1,6,5.16358843353821,4.86358843353821,5.16358843353821,0.3
12,1975,1982,"1982 cohort",0,-7,4.6590468712585,4.6590468712585,4.9590468712585,0.3
12,1976,1982,"1982 cohort",0,-6,4.68416332215104,4.68416332215104,4.98416332215104,0.3
12,1977,1982,"1982 cohort",0,-5,4.59661549290002,4.59661549290002,4.89661549290002,0.3
12,1978,1982,"1982 cohort",0,-4,4.49311982970209,4.49311982970209,4.79311982970209,0.3
12,1979,1982,"1982 cohort",0,-3,4.39487643784135,4.39487643784135,4.69487643784135,0.3
12,1980,1982,"1982 cohort",0,-2,4.6273753037712,4.6273753037712,4.9273753037712,0.3
12,1981,1982,"1982 cohort",0,-1,4.67716056265216,4.67716056265216,4.97716056265216,0.3
12,1982,1982,"1982 cohort",1,0,4.80424999362601,4.50424999362601,4.80424999362601,0.3
12,1983,1982,"1982 cohort",1,1,4.8878431419186,4.5878431419186,4.8878431419186,0.3
12,1984,1982,"1982 cohort",1,2,4.86593628578944,4.56593628578944,4.86593628578944,0.3
12,1985,1982,"1982 cohort",1,3,4.80912595386203,4.50912595386203,4.80912595386203,0.3
12,1986,1982,"1982 cohort",1,4,4.75208804465425,4.45208804465425,4.75208804465425,0.3
12,1987,1982,"1982 cohort",1,5,4.85944450126854,4.55944450126854,4.85944450126854,0.3
12,1988,1982,"1982 cohort",1,6,4.7045851321441,4.4045851321441,4.7045851321441,0.3
13,1975,1982,"1982 cohort",0,-7,4.82840425000626,4.82840425000626,5.12840425000626,0.3
13,1976,1982,"1982 cohort",0,-6,5.00825895917768,5.00825895917768,5.30825895917768,0.3
13,1977,1982,"1982 cohort",0,-5,4.98820118282776,4.98820118282776,5.28820118282776,0.3
13,1978,1982,"1982 cohort",0,-4,4.86090182854894,4.86090182854894,5.16090182854894,0.3
13,1979,1982,"1982 cohort",0,-3,4.64517258316774,4.64517258316774,4.94517258316774,0.3
13,1980,1982,"1982 cohort",0,-2,4.83829714397244,4.83829714397244,5.13829714397244,0.3
13,1981,1982,"1982 cohort",0,-1,4.90500509089632,4.90500509089632,5.20500509089632,0.3
13,1982,1982,"1982 cohort",1,0,4.9558026781316,4.6558026781316,4.9558026781316,0.3
13,1983,1982,"1982 cohort",1,1,5.25937708182006,4.95937708182006,5.25937708182006,0.3
13,1984,1982,"1982 cohort",1,2,5.21989526746101,4.91989526746101,5.21989526746101,0.3
13,1985,1982,"1982 cohort",1,3,4.97365270513036,4.67365270513036,4.97365270513036,0.3
13,1986,1982,"1982 cohort",1,4,5.08418469867468,4.78418469867468,5.08418469867468,0.3
13,1987,1982,"1982 cohort",1,5,5.24303392714505,4.94303392714505,5.24303392714505,0.3
13,1988,1982,"1982 cohort",1,6,4.98131419538556,4.68131419538556,4.98131419538556,0.3
14,1975,1982,"1982 cohort",0,-7,4.15981938411285,4.15981938411285,4.45981938411285,0.3
14,1976,1982,"1982 cohort",0,-6,4.27116193442962,4.27116193442962,4.57116193442962,0.3
14,1977,1982,"1982 cohort",0,-5,4.31005758327486,4.31005758327486,4.61005758327486,0.3
14,1978,1982,"1982 cohort",0,-4,4.2947211895742,4.2947211895742,4.5947211895742,0.3
14,1979,1982,"1982 cohort",0,-3,4.16667875741376,4.16667875741376,4.46667875741376,0.3
14,1980,1982,"1982 cohort",0,-2,4.34662371999425,4.34662371999425,4.64662371999425,0.3
14,1981,1982,"1982 cohort",0,-1,4.35316747284167,4.35316747284167,4.65316747284167,0.3
14,1982,1982,"1982 cohort",1,0,4.36938860618717,4.06938860618717,4.36938860618717,0.3
14,1983,1982,"1982 cohort",1,1,4.74592221557334,4.44592221557334,4.74592221557334,0.3
14,1984,1982,"1982 cohort",1,2,4.53159443954175,4.23159443954175,4.53159443954175,0.3
14,1985,1982,"1982 cohort",1,3,4.38546855336627,4.08546855336627,4.38546855336627,0.3
14,1986,1982,"1982 cohort",1,4,4.56216905677287,4.26216905677287,4.56216905677287,0.3
14,1987,1982,"1982 cohort",1,5,4.57302865651453,4.27302865651453,4.57302865651453,0.3
14,1988,1982,"1982 cohort",1,6,4.43315434545174,4.13315434545174,4.43315434545174,0.3
15,1975,1982,"1982 cohort",0,-7,4.90342734693325,4.90342734693325,5.20342734693325,0.3
15,1976,1982,"1982 cohort",0,-6,5.06264187592254,5.06264187592254,5.36264187592254,0.3
15,1977,1982,"1982 cohort",0,-5,4.89610520860721,4.89610520860721,5.19610520860721,0.3
15,1978,1982,"1982 cohort",0,-4,4.75718669571878,4.75718669571878,5.05718669571878,0.3
15,1979,1982,"1982 cohort",0,-3,4.75466467748201,4.75466467748201,5.05466467748201,0.3
15,1980,1982,"1982 cohort",0,-2,4.9154346440831,4.9154346440831,5.2154346440831,0.3
15,1981,1982,"1982 cohort",0,-1,4.74605892659829,4.74605892659829,5.04605892659829,0.3
15,1982,1982,"1982 cohort",1,0,5.18487621433711,4.88487621433711,5.18487621433711,0.3
15,1983,1982,"1982 cohort",1,1,5.22845081804306,4.92845081804306,5.22845081804306,0.3
15,1984,1982,"1982 cohort",1,2,5.25624928494624,4.95624928494624,5.25624928494624,0.3
15,1985,1982,"1982 cohort",1,3,5.1211667520112,4.8211667520112,5.1211667520112,0.3
15,1986,1982,"1982 cohort",1,4,5.06874957705261,4.76874957705261,5.06874957705261,0.3
15,1987,1982,"1982 cohort",1,5,5.15764696852622,4.85764696852622,5.15764696852622,0.3
15,1988,1982,"1982 cohort",1,6,4.8173599866137,4.5173599866137,4.8173599866137,0.3
16,1975,1982,"1982 cohort",0,-7,4.400396333359,4.400396333359,4.700396333359,0.3
16,1976,1982,"1982 cohort",0,-6,4.57757446292395,4.57757446292395,4.87757446292395,0.3
16,1977,1982,"1982 cohort",0,-5,4.40282131673559,4.40282131673559,4.70282131673559,0.3
16,1978,1982,"1982 cohort",0,-4,4.45351816996629,4.45351816996629,4.75351816996629,0.3
16,1979,1982,"1982 cohort",0,-3,4.31960089216764,4.31960089216764,4.61960089216764,0.3
16,1980,1982,"1982 cohort",0,-2,4.51045533832758,4.51045533832758,4.81045533832758,0.3
16,1981,1982,"1982 cohort",0,-1,4.36001506682766,4.36001506682766,4.66001506682766,0.3
16,1982,1982,"1982 cohort",1,0,4.79517836628421,4.49517836628421,4.79517836628421,0.3
16,1983,1982,"1982 cohort",1,1,4.73343135427729,4.43343135427729,4.73343135427729,0.3
16,1984,1982,"1982 cohort",1,2,4.6272987303484,4.3272987303484,4.6272987303484,0.3
16,1985,1982,"1982 cohort",1,3,4.8941204022969,4.5941204022969,4.8941204022969,0.3
16,1986,1982,"1982 cohort",1,4,4.64504893596955,4.34504893596955,4.64504893596955,0.3
16,1987,1982,"1982 cohort",1,5,4.85305652396923,4.55305652396923,4.85305652396923,0.3
16,1988,1982,"1982 cohort",1,6,4.5871456804824,4.2871456804824,4.5871456804824,0.3
17,1975,1982,"1982 cohort",0,-7,5.00975016785993,5.00975016785993,5.30975016785993,0.3
17,1976,1982,"1982 cohort",0,-6,4.91363698509482,4.91363698509482,5.21363698509482,0.3
17,1977,1982,"1982 cohort",0,-5,4.9783031980275,4.9783031980275,5.2783031980275,0.3
17,1978,1982,"1982 cohort",0,-4,4.90413602149944,4.90413602149944,5.20413602149944,0.3
17,1979,1982,"1982 cohort",0,-3,4.920296719127,4.920296719127,5.220296719127,0.3
17,1980,1982,"1982 cohort",0,-2,4.89724340047461,4.89724340047461,5.19724340047461,0.3
17,1981,1982,"1982 cohort",0,-1,4.81314825990843,4.81314825990843,5.11314825990843,0.3
17,1982,1982,"1982 cohort",1,0,5.11925061508486,4.81925061508486,5.11925061508486,0.3
17,1983,1982,"1982 cohort",1,1,5.20210718421073,4.90210718421073,5.20210718421073,0.3
17,1984,1982,"1982 cohort",1,2,5.24231170338105,4.94231170338105,5.24231170338105,0.3
17,1985,1982,"1982 cohort",1,3,5.05011416722379,4.75011416722379,5.05011416722379,0.3
17,1986,1982,"1982 cohort",1,4,5.26270726786914,4.96270726786914,5.26270726786914,0.3
17,1987,1982,"1982 cohort",1,5,5.07062114001611,4.77062114001611,5.07062114001611,0.3
17,1988,1982,"1982 cohort",1,6,5.08289027547877,4.78289027547877,5.08289027547877,0.3
18,1975,1982,"1982 cohort",0,-7,4.95139880699884,4.95139880699884,5.25139880699884,0.3
18,1976,1982,"1982 cohort",0,-6,4.89745299461075,4.89745299461075,5.19745299461075,0.3
18,1977,1982,"1982 cohort",0,-5,4.97224417575084,4.97224417575084,5.27224417575084,0.3
18,1978,1982,"1982 cohort",0,-4,4.8528666311093,4.8528666311093,5.1528666311093,0.3
18,1979,1982,"1982 cohort",0,-3,4.85061669032291,4.85061669032291,5.15061669032291,0.3
18,1980,1982,"1982 cohort",0,-2,4.93496966270609,4.93496966270609,5.23496966270609,0.3
18,1981,1982,"1982 cohort",0,-1,4.8538605444644,4.8538605444644,5.1538605444644,0.3
18,1982,1982,"1982 cohort",1,0,5.23371784651134,4.93371784651134,5.23371784651134,0.3
18,1983,1982,"1982 cohort",1,1,5.20076988402091,4.90076988402091,5.20076988402091,0.3
18,1984,1982,"1982 cohort",1,2,5.16696096597975,4.86696096597975,5.16696096597975,0.3
18,1985,1982,"1982 cohort",1,3,5.19623624018461,4.89623624018461,5.19623624018461,0.3
18,1986,1982,"1982 cohort",1,4,5.09869526988027,4.79869526988027,5.09869526988027,0.3
18,1987,1982,"1982 cohort",1,5,5.33483463565169,5.03483463565169,5.33483463565169,0.3
18,1988,1982,"1982 cohort",1,6,5.13629007793424,4.83629007793424,5.13629007793424,0.3
19,1975,1982,"1982 cohort",0,-7,4.70186232502735,4.70186232502735,5.00186232502735,0.3
19,1976,1982,"1982 cohort",0,-6,4.77590005613929,4.77590005613929,5.07590005613929,0.3
19,1977,1982,"1982 cohort",0,-5,4.57657036488284,4.57657036488284,4.87657036488284,0.3
19,1978,1982,"1982 cohort",0,-4,4.67566557823405,4.67566557823405,4.97566557823405,0.3
19,1979,1982,"1982 cohort",0,-3,4.72730135589851,4.72730135589851,5.02730135589851,0.3
19,1980,1982,"1982 cohort",0,-2,4.67775871600888,4.67775871600888,4.97775871600888,0.3
19,1981,1982,"1982 cohort",0,-1,4.6326933654141,4.6326933654141,4.9326933654141,0.3
19,1982,1982,"1982 cohort",1,0,4.90565289603147,4.60565289603147,4.90565289603147,0.3
19,1983,1982,"1982 cohort",1,1,5.04154096953753,4.74154096953753,5.04154096953753,0.3
19,1984,1982,"1982 cohort",1,2,4.98613803995091,4.68613803995091,4.98613803995091,0.3
19,1985,1982,"1982 cohort",1,3,4.80490298276897,4.50490298276897,4.80490298276897,0.3
19,1986,1982,"1982 cohort",1,4,4.91907861070536,4.61907861070536,4.91907861070536,0.3
19,1987,1982,"1982 cohort",1,5,4.85299889028832,4.55299889028832,4.85299889028832,0.3
19,1988,1982,"1982 cohort",1,6,4.86046711514459,4.56046711514459,4.86046711514459,0.3
20,1975,1982,"1982 cohort",0,-7,5.26044664446208,5.26044664446208,5.56044664446208,0.3
20,1976,1982,"1982 cohort",0,-6,5.24875131497835,5.24875131497835,5.54875131497835,0.3
20,1977,1982,"1982 cohort",0,-5,5.24211250018251,5.24211250018251,5.54211250018251,0.3
20,1978,1982,"1982 cohort",0,-4,5.14781648647556,5.14781648647556,5.44781648647556,0.3
20,1979,1982,"1982 cohort",0,-3,5.05110297787334,5.05110297787334,5.35110297787334,0.3
20,1980,1982,"1982 cohort",0,-2,5.17499298684384,5.17499298684384,5.47499298684384,0.3
20,1981,1982,"1982 cohort",0,-1,5.04178539345048,5.04178539345048,5.34178539345048,0.3
20,1982,1982,"1982 cohort",1,0,5.30698250938087,5.00698250938087,5.30698250938087,0.3
20,1983,1982,"1982 cohort",1,1,5.48528580959525,5.18528580959525,5.48528580959525,0.3
20,1984,1982,"1982 cohort",1,2,5.45064231471781,5.15064231471781,5.45064231471781,0.3
20,1985,1982,"1982 cohort",1,3,5.18168510855821,4.88168510855821,5.18168510855821,0.3
20,1986,1982,"1982 cohort",1,4,5.34594714354812,5.04594714354812,5.34594714354812,0.3
20,1987,1982,"1982 cohort",1,5,5.52195907049299,5.22195907049299,5.52195907049299,0.3
20,1988,1982,"1982 cohort",1,6,5.23858787359857,4.93858787359857,5.23858787359857,0.3
21,1975,0,"Never treated",0,NA,4.87742398777831,4.87742398777831,4.87742398777831,0
21,1976,0,"Never treated",0,NA,4.76879230958316,4.76879230958316,4.76879230958316,0
21,1977,0,"Never treated",0,NA,4.82207698574162,4.82207698574162,4.82207698574162,0
21,1978,0,"Never treated",0,NA,4.79551503948146,4.79551503948146,4.79551503948146,0
21,1979,0,"Never treated",0,NA,4.76381936781269,4.76381936781269,4.76381936781269,0
21,1980,0,"Never treated",0,NA,4.84507693809271,4.84507693809271,4.84507693809271,0
21,1981,0,"Never treated",0,NA,4.70852529280976,4.70852529280976,4.70852529280976,0
21,1982,0,"Never treated",0,NA,4.7661183191131,4.7661183191131,4.7661183191131,0
21,1983,0,"Never treated",0,NA,4.87659658790198,4.87659658790198,4.87659658790198,0
21,1984,0,"Never treated",0,NA,4.85513529758587,4.85513529758587,4.85513529758587,0
21,1985,0,"Never treated",0,NA,4.76441187834499,4.76441187834499,4.76441187834499,0
21,1986,0,"Never treated",0,NA,4.58054434205889,4.58054434205889,4.58054434205889,0
21,1987,0,"Never treated",0,NA,4.86655243186145,4.86655243186145,4.86655243186145,0
21,1988,0,"Never treated",0,NA,4.72741131948833,4.72741131948833,4.72741131948833,0
22,1975,0,"Never treated",0,NA,4.49657358657427,4.49657358657427,4.49657358657427,0
22,1976,0,"Never treated",0,NA,4.59546518629323,4.59546518629323,4.59546518629323,0
22,1977,0,"Never treated",0,NA,4.39580296700164,4.39580296700164,4.39580296700164,0
22,1978,0,"Never treated",0,NA,4.43647001383039,4.43647001383039,4.43647001383039,0
22,1979,0,"Never treated",0,NA,4.42755004930002,4.42755004930002,4.42755004930002,0
22,1980,0,"Never treated",0,NA,4.33792008418382,4.33792008418382,4.33792008418382,0
22,1981,0,"Never treated",0,NA,4.41824903527669,4.41824903527669,4.41824903527669,0
22,1982,0,"Never treated",0,NA,4.26576594131626,4.26576594131626,4.26576594131626,0
22,1983,0,"Never treated",0,NA,4.52072181258322,4.52072181258322,4.52072181258322,0
22,1984,0,"Never treated",0,NA,4.50316219364967,4.50316219364967,4.50316219364967,0
22,1985,0,"Never treated",0,NA,4.1878476249057,4.1878476249057,4.1878476249057,0
22,1986,0,"Never treated",0,NA,4.37108346358607,4.37108346358607,4.37108346358607,0
22,1987,0,"Never treated",0,NA,4.38405807279763,4.38405807279763,4.38405807279763,0
22,1988,0,"Never treated",0,NA,4.26663679362293,4.26663679362293,4.26663679362293,0
23,1975,0,"Never treated",0,NA,4.56376287956913,4.56376287956913,4.56376287956913,0
23,1976,0,"Never treated",0,NA,4.75255157275343,4.75255157275343,4.75255157275343,0
23,1977,0,"Never treated",0,NA,4.61699423573059,4.61699423573059,4.61699423573059,0
23,1978,0,"Never treated",0,NA,4.57603467587366,4.57603467587366,4.57603467587366,0
23,1979,0,"Never treated",0,NA,4.49118231955004,4.49118231955004,4.49118231955004,0
23,1980,0,"Never treated",0,NA,4.48262620028815,4.48262620028815,4.48262620028815,0
23,1981,0,"Never treated",0,NA,4.51552532561955,4.51552532561955,4.51552532561955,0
23,1982,0,"Never treated",0,NA,4.70177740598426,4.70177740598426,4.70177740598426,0
23,1983,0,"Never treated",0,NA,4.66085618916471,4.66085618916471,4.66085618916471,0
23,1984,0,"Never treated",0,NA,4.53946200315144,4.53946200315144,4.53946200315144,0
23,1985,0,"Never treated",0,NA,4.37139237286914,4.37139237286914,4.37139237286914,0
23,1986,0,"Never treated",0,NA,4.40299072244403,4.40299072244403,4.40299072244403,0
23,1987,0,"Never treated",0,NA,4.63087332261424,4.63087332261424,4.63087332261424,0
23,1988,0,"Never treated",0,NA,4.46296041417477,4.46296041417477,4.46296041417477,0
24,1975,0,"Never treated",0,NA,4.91511381217878,4.91511381217878,4.91511381217878,0
24,1976,0,"Never treated",0,NA,5.1857458796444,5.1857458796444,5.1857458796444,0
24,1977,0,"Never treated",0,NA,5.07831064885675,5.07831064885675,5.07831064885675,0
24,1978,0,"Never treated",0,NA,4.95827976488417,4.95827976488417,4.95827976488417,0
24,1979,0,"Never treated",0,NA,4.81685386750595,4.81685386750595,4.81685386750595,0
24,1980,0,"Never treated",0,NA,4.9843135175068,4.9843135175068,4.9843135175068,0
24,1981,0,"Never treated",0,NA,5.10594316001483,5.10594316001483,5.10594316001483,0
24,1982,0,"Never treated",0,NA,4.90359599938828,4.90359599938828,4.90359599938828,0
24,1983,0,"Never treated",0,NA,4.90961053351418,4.90961053351418,4.90961053351418,0
24,1984,0,"Never treated",0,NA,4.97915165969148,4.97915165969148,4.97915165969148,0
24,1985,0,"Never treated",0,NA,4.9006786512404,4.9006786512404,4.9006786512404,0
24,1986,0,"Never treated",0,NA,4.65725306693359,4.65725306693359,4.65725306693359,0
24,1987,0,"Never treated",0,NA,4.89982215056987,4.89982215056987,4.89982215056987,0
24,1988,0,"Never treated",0,NA,4.90419416583911,4.90419416583911,4.90419416583911,0
25,1975,0,"Never treated",0,NA,4.35306573470704,4.35306573470704,4.35306573470704,0
25,1976,0,"Never treated",0,NA,4.61031007181163,4.61031007181163,4.61031007181163,0
25,1977,0,"Never treated",0,NA,4.51839239910287,4.51839239910287,4.51839239910287,0
25,1978,0,"Never treated",0,NA,4.35296185544961,4.35296185544961,4.35296185544961,0
25,1979,0,"Never treated",0,NA,4.42357536457267,4.42357536457267,4.42357536457267,0
25,1980,0,"Never treated",0,NA,4.45122730776021,4.45122730776021,4.45122730776021,0
25,1981,0,"Never treated",0,NA,4.42852078329212,4.42852078329212,4.42852078329212,0
25,1982,0,"Never treated",0,NA,4.46438695380794,4.46438695380794,4.46438695380794,0
25,1983,0,"Never treated",0,NA,4.55195140631586,4.55195140631586,4.55195140631586,0
25,1984,0,"Never treated",0,NA,4.43925145692072,4.43925145692072,4.43925145692072,0
25,1985,0,"Never treated",0,NA,4.36988663495923,4.36988663495923,4.36988663495923,0
25,1986,0,"Never treated",0,NA,4.49398764653978,4.49398764653978,4.49398764653978,0
25,1987,0,"Never treated",0,NA,4.47294849765828,4.47294849765828,4.47294849765828,0
25,1988,0,"Never treated",0,NA,4.29225725805027,4.29225725805027,4.29225725805027,0
26,1975,0,"Never treated",0,NA,4.46915087630901,4.46915087630901,4.46915087630901,0
26,1976,0,"Never treated",0,NA,4.42880944709708,4.42880944709708,4.42880944709708,0
26,1977,0,"Never treated",0,NA,4.31676562773045,4.31676562773045,4.31676562773045,0
26,1978,0,"Never treated",0,NA,4.48943483646958,4.48943483646958,4.48943483646958,0
26,1979,0,"Never treated",0,NA,4.30562868186464,4.30562868186464,4.30562868186464,0
26,1980,0,"Never treated",0,NA,4.49033010642248,4.49033010642248,4.49033010642248,0
26,1981,0,"Never treated",0,NA,4.36720629062298,4.36720629062298,4.36720629062298,0
26,1982,0,"Never treated",0,NA,4.33566263482142,4.33566263482142,4.33566263482142,0
26,1983,0,"Never treated",0,NA,4.33706003293304,4.33706003293304,4.33706003293304,0
26,1984,0,"Never treated",0,NA,4.4336585810873,4.4336585810873,4.4336585810873,0
26,1985,0,"Never treated",0,NA,4.32561528821111,4.32561528821111,4.32561528821111,0
26,1986,0,"Never treated",0,NA,4.31765130165372,4.31765130165372,4.31765130165372,0
26,1987,0,"Never treated",0,NA,4.42612271326453,4.42612271326453,4.42612271326453,0
26,1988,0,"Never treated",0,NA,4.31267237078357,4.31267237078357,4.31267237078357,0
27,1975,0,"Never treated",0,NA,4.29153897150721,4.29153897150721,4.29153897150721,0
27,1976,0,"Never treated",0,NA,4.38777885208829,4.38777885208829,4.38777885208829,0
27,1977,0,"Never treated",0,NA,4.35722774962203,4.35722774962203,4.35722774962203,0
27,1978,0,"Never treated",0,NA,4.24021359389687,4.24021359389687,4.24021359389687,0
27,1979,0,"Never treated",0,NA,4.16285655613071,4.16285655613071,4.16285655613071,0
27,1980,0,"Never treated",0,NA,4.32122836236029,4.32122836236029,4.32122836236029,0
27,1981,0,"Never treated",0,NA,4.30143805006578,4.30143805006578,4.30143805006578,0
27,1982,0,"Never treated",0,NA,4.12125471807357,4.12125471807357,4.12125471807357,0
27,1983,0,"Never treated",0,NA,4.27050241673271,4.27050241673271,4.27050241673271,0
27,1984,0,"Never treated",0,NA,4.31647476538079,4.31647476538079,4.31647476538079,0
27,1985,0,"Never treated",0,NA,4.11103602424012,4.11103602424012,4.11103602424012,0
27,1986,0,"Never treated",0,NA,4.18543432159487,4.18543432159487,4.18543432159487,0
27,1987,0,"Never treated",0,NA,4.21632724628449,4.21632724628449,4.21632724628449,0
27,1988,0,"Never treated",0,NA,3.94147470825131,3.94147470825131,3.94147470825131,0
28,1975,0,"Never treated",0,NA,5.05009748596326,5.05009748596326,5.05009748596326,0
28,1976,0,"Never treated",0,NA,5.12018379225186,5.12018379225186,5.12018379225186,0
28,1977,0,"Never treated",0,NA,5.09120054343247,5.09120054343247,5.09120054343247,0
28,1978,0,"Never treated",0,NA,5.04525932205357,5.04525932205357,5.04525932205357,0
28,1979,0,"Never treated",0,NA,5.03043854582564,5.03043854582564,5.03043854582564,0
28,1980,0,"Never treated",0,NA,4.94592569423363,4.94592569423363,4.94592569423363,0
28,1981,0,"Never treated",0,NA,4.91346640465453,4.91346640465453,4.91346640465453,0
28,1982,0,"Never treated",0,NA,5.00944816655338,5.00944816655338,5.00944816655338,0
28,1983,0,"Never treated",0,NA,5.04820820085753,5.04820820085753,5.04820820085753,0
28,1984,0,"Never treated",0,NA,5.0888579323286,5.0888579323286,5.0888579323286,0
28,1985,0,"Never treated",0,NA,5.04868570709322,5.04868570709322,5.04868570709322,0
28,1986,0,"Never treated",0,NA,5.05656600065088,5.05656600065088,5.05656600065088,0
28,1987,0,"Never treated",0,NA,4.97693650663277,4.97693650663277,4.97693650663277,0
28,1988,0,"Never treated",0,NA,4.93981704171127,4.93981704171127,4.93981704171127,0
29,1975,0,"Never treated",0,NA,4.30505767811234,4.30505767811234,4.30505767811234,0
29,1976,0,"Never treated",0,NA,4.42736336984984,4.42736336984984,4.42736336984984,0
29,1977,0,"Never treated",0,NA,4.33805351191163,4.33805351191163,4.33805351191163,0
29,1978,0,"Never treated",0,NA,4.33354355508728,4.33354355508728,4.33354355508728,0
29,1979,0,"Never treated",0,NA,4.31193157748888,4.31193157748888,4.31193157748888,0
29,1980,0,"Never treated",0,NA,4.43551859200668,4.43551859200668,4.43551859200668,0
29,1981,0,"Never treated",0,NA,4.31010481861823,4.31010481861823,4.31010481861823,0
29,1982,0,"Never treated",0,NA,4.32880200655149,4.32880200655149,4.32880200655149,0
29,1983,0,"Never treated",0,NA,4.44208324784527,4.44208324784527,4.44208324784527,0
29,1984,0,"Never treated",0,NA,4.31380291688541,4.31380291688541,4.31380291688541,0
29,1985,0,"Never treated",0,NA,4.15756049901442,4.15756049901442,4.15756049901442,0
29,1986,0,"Never treated",0,NA,4.34673999801818,4.34673999801818,4.34673999801818,0
29,1987,0,"Never treated",0,NA,4.27404865837871,4.27404865837871,4.27404865837871,0
29,1988,0,"Never treated",0,NA,4.03501899999943,4.03501899999943,4.03501899999943,0
30,1975,0,"Never treated",0,NA,4.75739173822496,4.75739173822496,4.75739173822496,0
30,1976,0,"Never treated",0,NA,4.90657982524751,4.90657982524751,4.90657982524751,0
30,1977,0,"Never treated",0,NA,4.81894938128294,4.81894938128294,4.81894938128294,0
30,1978,0,"Never treated",0,NA,4.75370454232909,4.75370454232909,4.75370454232909,0
30,1979,0,"Never treated",0,NA,4.73167227335628,4.73167227335628,4.73167227335628,0
30,1980,0,"Never treated",0,NA,4.85139535943662,4.85139535943662,4.85139535943662,0
30,1981,0,"Never treated",0,NA,4.6717110622406,4.6717110622406,4.6717110622406,0
30,1982,0,"Never treated",0,NA,4.66288863904079,4.66288863904079,4.66288863904079,0
30,1983,0,"Never treated",0,NA,4.88908489600536,4.88908489600536,4.88908489600536,0
30,1984,0,"Never treated",0,NA,4.80802815330473,4.80802815330473,4.80802815330473,0
30,1985,0,"Never treated",0,NA,4.69335149515022,4.69335149515022,4.69335149515022,0
30,1986,0,"Never treated",0,NA,4.72862236900023,4.72862236900023,4.72862236900023,0
30,1987,0,"Never treated",0,NA,4.62667656805017,4.62667656805017,4.62667656805017,0
30,1988,0,"Never treated",0,NA,4.57532499598707,4.57532499598707,4.57532499598707,0
31,1975,0,"Never treated",0,NA,4.95446400485563,4.95446400485563,4.95446400485563,0
31,1976,0,"Never treated",0,NA,4.93842506841446,4.93842506841446,4.93842506841446,0
31,1977,0,"Never treated",0,NA,4.75854966882513,4.75854966882513,4.75854966882513,0
31,1978,0,"Never treated",0,NA,4.77810611430212,4.77810611430212,4.77810611430212,0
31,1979,0,"Never treated",0,NA,4.76647186253512,4.76647186253512,4.76647186253512,0
31,1980,0,"Never treated",0,NA,4.7933742468729,4.7933742468729,4.7933742468729,0
31,1981,0,"Never treated",0,NA,4.79077133529711,4.79077133529711,4.79077133529711,0
31,1982,0,"Never treated",0,NA,4.8577427607288,4.8577427607288,4.8577427607288,0
31,1983,0,"Never treated",0,NA,4.9136602166463,4.9136602166463,4.9136602166463,0
31,1984,0,"Never treated",0,NA,4.81570087359848,4.81570087359848,4.81570087359848,0
31,1985,0,"Never treated",0,NA,4.77485573712316,4.77485573712316,4.77485573712316,0
31,1986,0,"Never treated",0,NA,4.75560771086206,4.75560771086206,4.75560771086206,0
31,1987,0,"Never treated",0,NA,5.03213810361844,5.03213810361844,5.03213810361844,0
31,1988,0,"Never treated",0,NA,4.63054928282411,4.63054928282411,4.63054928282411,0
32,1975,0,"Never treated",0,NA,4.56862224539166,4.56862224539166,4.56862224539166,0
32,1976,0,"Never treated",0,NA,4.54170951233062,4.54170951233062,4.54170951233062,0
32,1977,0,"Never treated",0,NA,4.46574333123104,4.46574333123104,4.46574333123104,0
32,1978,0,"Never treated",0,NA,4.44088490665425,4.44088490665425,4.44088490665425,0
32,1979,0,"Never treated",0,NA,4.53688585975107,4.53688585975107,4.53688585975107,0
32,1980,0,"Never treated",0,NA,4.45107592644562,4.45107592644562,4.45107592644562,0
32,1981,0,"Never treated",0,NA,4.40106094490575,4.40106094490575,4.40106094490575,0
32,1982,0,"Never treated",0,NA,4.33469378475749,4.33469378475749,4.33469378475749,0
32,1983,0,"Never treated",0,NA,4.57612873142202,4.57612873142202,4.57612873142202,0
32,1984,0,"Never treated",0,NA,4.38039363198256,4.38039363198256,4.38039363198256,0
32,1985,0,"Never treated",0,NA,4.47296019493306,4.47296019493306,4.47296019493306,0
32,1986,0,"Never treated",0,NA,4.32174342116565,4.32174342116565,4.32174342116565,0
32,1987,0,"Never treated",0,NA,4.37213647860639,4.37213647860639,4.37213647860639,0
32,1988,0,"Never treated",0,NA,4.27522484445897,4.27522484445897,4.27522484445897,0
33,1975,0,"Never treated",0,NA,4.77838111435929,4.77838111435929,4.77838111435929,0
33,1976,0,"Never treated",0,NA,4.81525724259384,4.81525724259384,4.81525724259384,0
33,1977,0,"Never treated",0,NA,4.80356474363644,4.80356474363644,4.80356474363644,0
33,1978,0,"Never treated",0,NA,4.57636299739189,4.57636299739189,4.57636299739189,0
33,1979,0,"Never treated",0,NA,4.77018822416543,4.77018822416543,4.77018822416543,0
33,1980,0,"Never treated",0,NA,4.60337976927754,4.60337976927754,4.60337976927754,0
33,1981,0,"Never treated",0,NA,4.69678834920538,4.69678834920538,4.69678834920538,0
33,1982,0,"Never treated",0,NA,4.66303697761002,4.66303697761002,4.66303697761002,0
33,1983,0,"Never treated",0,NA,4.63292880343354,4.63292880343354,4.63292880343354,0
33,1984,0,"Never treated",0,NA,4.66289590953621,4.66289590953621,4.66289590953621,0
33,1985,0,"Never treated",0,NA,4.60573612435594,4.60573612435594,4.60573612435594,0
33,1986,0,"Never treated",0,NA,4.70953180757846,4.70953180757846,4.70953180757846,0
33,1987,0,"Never treated",0,NA,4.64264635275835,4.64264635275835,4.64264635275835,0
33,1988,0,"Never treated",0,NA,4.56488869728162,4.56488869728162,4.56488869728162,0
34,1975,0,"Never treated",0,NA,4.49506804502623,4.49506804502623,4.49506804502623,0
34,1976,0,"Never treated",0,NA,4.4619560525823,4.4619560525823,4.4619560525823,0
34,1977,0,"Never treated",0,NA,4.53120767588745,4.53120767588745,4.53120767588745,0
34,1978,0,"Never treated",0,NA,4.52545112432151,4.52545112432151,4.52545112432151,0
34,1979,0,"Never treated",0,NA,4.43945977909425,4.43945977909425,4.43945977909425,0
34,1980,0,"Never treated",0,NA,4.46652757575412,4.46652757575412,4.46652757575412,0
34,1981,0,"Never treated",0,NA,4.63396536172127,4.63396536172127,4.63396536172127,0
34,1982,0,"Never treated",0,NA,4.52067713443841,4.52067713443841,4.52067713443841,0
34,1983,0,"Never treated",0,NA,4.52918825399141,4.52918825399141,4.52918825399141,0
34,1984,0,"Never treated",0,NA,4.52973473049273,4.52973473049273,4.52973473049273,0
34,1985,0,"Never treated",0,NA,4.32649688552266,4.32649688552266,4.32649688552266,0
34,1986,0,"Never treated",0,NA,4.49003204428569,4.49003204428569,4.49003204428569,0
34,1987,0,"Never treated",0,NA,4.48923834808608,4.48923834808608,4.48923834808608,0
34,1988,0,"Never treated",0,NA,4.41747172447577,4.41747172447577,4.41747172447577,0
35,1975,0,"Never treated",0,NA,4.20720662662714,4.20720662662714,4.20720662662714,0
35,1976,0,"Never treated",0,NA,4.35633803742597,4.35633803742597,4.35633803742597,0
35,1977,0,"Never treated",0,NA,4.44151479573442,4.44151479573442,4.44151479573442,0
35,1978,0,"Never treated",0,NA,4.25496363350304,4.25496363350304,4.25496363350304,0
35,1979,0,"Never treated",0,NA,4.20039721784947,4.20039721784947,4.20039721784947,0
35,1980,0,"Never treated",0,NA,4.19842166042947,4.19842166042947,4.19842166042947,0
35,1981,0,"Never treated",0,NA,4.26809324478609,4.26809324478609,4.26809324478609,0
35,1982,0,"Never treated",0,NA,4.17672987906615,4.17672987906615,4.17672987906615,0
35,1983,0,"Never treated",0,NA,4.25179642439184,4.25179642439184,4.25179642439184,0
35,1984,0,"Never treated",0,NA,4.24754554138843,4.24754554138843,4.24754554138843,0
35,1985,0,"Never treated",0,NA,4.23985621614718,4.23985621614718,4.23985621614718,0
35,1986,0,"Never treated",0,NA,4.23004559436674,4.23004559436674,4.23004559436674,0
35,1987,0,"Never treated",0,NA,4.38786302586935,4.38786302586935,4.38786302586935,0
35,1988,0,"Never treated",0,NA,4.04826307101738,4.04826307101738,4.04826307101738,0
36,1975,0,"Never treated",0,NA,4.5451434689678,4.5451434689678,4.5451434689678,0
36,1976,0,"Never treated",0,NA,4.73244418425278,4.73244418425278,4.73244418425278,0
36,1977,0,"Never treated",0,NA,4.68461235329588,4.68461235329588,4.68461235329588,0
36,1978,0,"Never treated",0,NA,4.53870959837862,4.53870959837862,4.53870959837862,0
36,1979,0,"Never treated",0,NA,4.58812905973342,4.58812905973342,4.58812905973342,0
36,1980,0,"Never treated",0,NA,4.60232514521208,4.60232514521208,4.60232514521208,0
36,1981,0,"Never treated",0,NA,4.52215194106466,4.52215194106466,4.52215194106466,0
36,1982,0,"Never treated",0,NA,4.45887517520233,4.45887517520233,4.45887517520233,0
36,1983,0,"Never treated",0,NA,4.61500934533654,4.61500934533654,4.61500934533654,0
36,1984,0,"Never treated",0,NA,4.60134273936895,4.60134273936895,4.60134273936895,0
36,1985,0,"Never treated",0,NA,4.52789093027847,4.52789093027847,4.52789093027847,0
36,1986,0,"Never treated",0,NA,4.37895080473548,4.37895080473548,4.37895080473548,0
36,1987,0,"Never treated",0,NA,4.61887620890913,4.61887620890913,4.61887620890913,0
36,1988,0,"Never treated",0,NA,4.49060490131383,4.49060490131383,4.49060490131383,0
37,1975,0,"Never treated",0,NA,4.39858578521561,4.39858578521561,4.39858578521561,0
37,1976,0,"Never treated",0,NA,4.4535192076348,4.4535192076348,4.4535192076348,0
37,1977,0,"Never treated",0,NA,4.57035080490503,4.57035080490503,4.57035080490503,0
37,1978,0,"Never treated",0,NA,4.11861622270216,4.11861622270216,4.11861622270216,0
37,1979,0,"Never treated",0,NA,4.40784534545745,4.40784534545745,4.40784534545745,0
37,1980,0,"Never treated",0,NA,4.24795630071649,4.24795630071649,4.24795630071649,0
37,1981,0,"Never treated",0,NA,4.30938987497515,4.30938987497515,4.30938987497515,0
37,1982,0,"Never treated",0,NA,4.39107088999893,4.39107088999893,4.39107088999893,0
37,1983,0,"Never treated",0,NA,4.41501155248187,4.41501155248187,4.41501155248187,0
37,1984,0,"Never treated",0,NA,4.39507119743454,4.39507119743454,4.39507119743454,0
37,1985,0,"Never treated",0,NA,4.25192105991429,4.25192105991429,4.25192105991429,0
37,1986,0,"Never treated",0,NA,4.26741662930323,4.26741662930323,4.26741662930323,0
37,1987,0,"Never treated",0,NA,4.25923232012239,4.25923232012239,4.25923232012239,0
37,1988,0,"Never treated",0,NA,4.26391140752087,4.26391140752087,4.26391140752087,0
38,1975,0,"Never treated",0,NA,4.08864666450641,4.08864666450641,4.08864666450641,0
38,1976,0,"Never treated",0,NA,4.23506686685284,4.23506686685284,4.23506686685284,0
38,1977,0,"Never treated",0,NA,4.21708092121502,4.21708092121502,4.21708092121502,0
38,1978,0,"Never treated",0,NA,4.09948274731664,4.09948274731664,4.09948274731664,0
38,1979,0,"Never treated",0,NA,4.05024244778102,4.05024244778102,4.05024244778102,0
38,1980,0,"Never treated",0,NA,4.18718247105223,4.18718247105223,4.18718247105223,0
38,1981,0,"Never treated",0,NA,4.16698949708282,4.16698949708282,4.16698949708282,0
38,1982,0,"Never treated",0,NA,4.07241785317594,4.07241785317594,4.07241785317594,0
38,1983,0,"Never treated",0,NA,4.2469843881942,4.2469843881942,4.2469843881942,0
38,1984,0,"Never treated",0,NA,4.17891956794816,4.17891956794816,4.17891956794816,0
38,1985,0,"Never treated",0,NA,4.05333471603258,4.05333471603258,4.05333471603258,0
38,1986,0,"Never treated",0,NA,4.11475357401187,4.11475357401187,4.11475357401187,0
38,1987,0,"Never treated",0,NA,4.14433096252415,4.14433096252415,4.14433096252415,0
38,1988,0,"Never treated",0,NA,3.85864371760956,3.85864371760956,3.85864371760956,0
39,1975,0,"Never treated",0,NA,4.02711586086796,4.02711586086796,4.02711586086796,0
39,1976,0,"Never treated",0,NA,4.21536741097801,4.21536741097801,4.21536741097801,0
39,1977,0,"Never treated",0,NA,4.13490768212128,4.13490768212128,4.13490768212128,0
39,1978,0,"Never treated",0,NA,4.07663017572726,4.07663017572726,4.07663017572726,0
39,1979,0,"Never treated",0,NA,4.04369569212842,4.04369569212842,4.04369569212842,0
39,1980,0,"Never treated",0,NA,4.06081853814892,4.06081853814892,4.06081853814892,0
39,1981,0,"Never treated",0,NA,4.01314365408227,4.01314365408227,4.01314365408227,0
39,1982,0,"Never treated",0,NA,4.06053818200007,4.06053818200007,4.06053818200007,0
39,1983,0,"Never treated",0,NA,4.23555775811293,4.23555775811293,4.23555775811293,0
39,1984,0,"Never treated",0,NA,4.01484914224957,4.01484914224957,4.01484914224957,0
39,1985,0,"Never treated",0,NA,4.07610145122699,4.07610145122699,4.07610145122699,0
39,1986,0,"Never treated",0,NA,4.04548423248696,4.04548423248696,4.04548423248696,0
39,1987,0,"Never treated",0,NA,3.97679465514297,3.97679465514297,3.97679465514297,0
39,1988,0,"Never treated",0,NA,3.93014520177195,3.93014520177195,3.93014520177195,0
40,1975,0,"Never treated",0,NA,4.3447654907782,4.3447654907782,4.3447654907782,0
40,1976,0,"Never treated",0,NA,4.42994479608941,4.42994479608941,4.42994479608941,0
40,1977,0,"Never treated",0,NA,4.44621100562754,4.44621100562754,4.44621100562754,0
40,1978,0,"Never treated",0,NA,4.33708576670701,4.33708576670701,4.33708576670701,0
40,1979,0,"Never treated",0,NA,4.35591012982907,4.35591012982907,4.35591012982907,0
40,1980,0,"Never treated",0,NA,4.46883661658381,4.46883661658381,4.46883661658381,0
40,1981,0,"Never treated",0,NA,4.4784689103166,4.4784689103166,4.4784689103166,0
40,1982,0,"Never treated",0,NA,4.13193809594825,4.13193809594825,4.13193809594825,0
40,1983,0,"Never treated",0,NA,4.43405441532957,4.43405441532957,4.43405441532957,0
40,1984,0,"Never treated",0,NA,4.36829511082175,4.36829511082175,4.36829511082175,0
40,1985,0,"Never treated",0,NA,4.32427726525861,4.32427726525861,4.32427726525861,0
40,1986,0,"Never treated",0,NA,4.19475973161678,4.19475973161678,4.19475973161678,0
40,1987,0,"Never treated",0,NA,4.36136419674184,4.36136419674184,4.36136419674184,0
40,1988,0,"Never treated",0,NA,4.28987599777689,4.28987599777689,4.28987599777689,0
41,1975,0,"Never treated",0,NA,4.57543059572082,4.57543059572082,4.57543059572082,0
41,1976,0,"Never treated",0,NA,4.70843269664078,4.70843269664078,4.70843269664078,0
41,1977,0,"Never treated",0,NA,4.71703654761737,4.71703654761737,4.71703654761737,0
41,1978,0,"Never treated",0,NA,4.64817538425986,4.64817538425986,4.64817538425986,0
41,1979,0,"Never treated",0,NA,4.72628629505034,4.72628629505034,4.72628629505034,0
41,1980,0,"Never treated",0,NA,4.68617161224534,4.68617161224534,4.68617161224534,0
41,1981,0,"Never treated",0,NA,4.53618577503066,4.53618577503066,4.53618577503066,0
41,1982,0,"Never treated",0,NA,4.65144046686276,4.65144046686276,4.65144046686276,0
41,1983,0,"Never treated",0,NA,4.69591046349971,4.69591046349971,4.69591046349971,0
41,1984,0,"Never treated",0,NA,4.56870564165949,4.56870564165949,4.56870564165949,0
41,1985,0,"Never treated",0,NA,4.61085789085895,4.61085789085895,4.61085789085895,0
41,1986,0,"Never treated",0,NA,4.54654869581372,4.54654869581372,4.54654869581372,0
41,1987,0,"Never treated",0,NA,4.61411392678214,4.61411392678214,4.61411392678214,0
41,1988,0,"Never treated",0,NA,4.53685876157963,4.53685876157963,4.53685876157963,0
42,1975,0,"Never treated",0,NA,4.73809424339716,4.73809424339716,4.73809424339716,0
42,1976,0,"Never treated",0,NA,4.83673262583712,4.83673262583712,4.83673262583712,0
42,1977,0,"Never treated",0,NA,4.77315414955889,4.77315414955889,4.77315414955889,0
42,1978,0,"Never treated",0,NA,4.68835616679396,4.68835616679396,4.68835616679396,0
42,1979,0,"Never treated",0,NA,4.862472965874,4.862472965874,4.862472965874,0
42,1980,0,"Never treated",0,NA,4.71516390181297,4.71516390181297,4.71516390181297,0
42,1981,0,"Never treated",0,NA,4.7863434623045,4.7863434623045,4.7863434623045,0
42,1982,0,"Never treated",0,NA,4.99522976469558,4.99522976469558,4.99522976469558,0
42,1983,0,"Never treated",0,NA,4.63967399021765,4.63967399021765,4.63967399021765,0
42,1984,0,"Never treated",0,NA,4.7169203095215,4.7169203095215,4.7169203095215,0
42,1985,0,"Never treated",0,NA,4.67816374178919,4.67816374178919,4.67816374178919,0
42,1986,0,"Never treated",0,NA,4.75669651512526,4.75669651512526,4.75669651512526,0
42,1987,0,"Never treated",0,NA,4.78159603933555,4.78159603933555,4.78159603933555,0
42,1988,0,"Never treated",0,NA,4.62537906465824,4.62537906465824,4.62537906465824,0
43,1975,0,"Never treated",0,NA,4.14220403492138,4.14220403492138,4.14220403492138,0
43,1976,0,"Never treated",0,NA,4.12938407018347,4.12938407018347,4.12938407018347,0
43,1977,0,"Never treated",0,NA,4.16242713061735,4.16242713061735,4.16242713061735,0
43,1978,0,"Never treated",0,NA,3.96034943250612,3.96034943250612,3.96034943250612,0
43,1979,0,"Never treated",0,NA,4.02889250149595,4.02889250149595,4.02889250149595,0
43,1980,0,"Never treated",0,NA,4.08438474838719,4.08438474838719,4.08438474838719,0
43,1981,0,"Never treated",0,NA,3.92274200498251,3.92274200498251,3.92274200498251,0
43,1982,0,"Never treated",0,NA,4.07031608571362,4.07031608571362,4.07031608571362,0
43,1983,0,"Never treated",0,NA,4.11661884791033,4.11661884791033,4.11661884791033,0
43,1984,0,"Never treated",0,NA,3.9765884214503,3.9765884214503,3.9765884214503,0
43,1985,0,"Never treated",0,NA,3.95401581181075,3.95401581181075,3.95401581181075,0
43,1986,0,"Never treated",0,NA,4.01163087333875,4.01163087333875,4.01163087333875,0
43,1987,0,"Never treated",0,NA,4.08026496066497,4.08026496066497,4.08026496066497,0
43,1988,0,"Never treated",0,NA,3.91461346338567,3.91461346338567,3.91461346338567,0
44,1975,0,"Never treated",0,NA,5.0558283628603,5.0558283628603,5.0558283628603,0
44,1976,0,"Never treated",0,NA,5.27863230596313,5.27863230596313,5.27863230596313,0
44,1977,0,"Never treated",0,NA,5.2954504329768,5.2954504329768,5.2954504329768,0
44,1978,0,"Never treated",0,NA,5.02197212911194,5.02197212911194,5.02197212911194,0
44,1979,0,"Never treated",0,NA,5.05173051621598,5.05173051621598,5.05173051621598,0
44,1980,0,"Never treated",0,NA,5.16483108148687,5.16483108148687,5.16483108148687,0
44,1981,0,"Never treated",0,NA,5.2380464087427,5.2380464087427,5.2380464087427,0
44,1982,0,"Never treated",0,NA,5.05425300159632,5.05425300159632,5.05425300159632,0
44,1983,0,"Never treated",0,NA,5.05294138310171,5.05294138310171,5.05294138310171,0
44,1984,0,"Never treated",0,NA,5.14712495290996,5.14712495290996,5.14712495290996,0
44,1985,0,"Never treated",0,NA,4.88682258896916,4.88682258896916,4.88682258896916,0
44,1986,0,"Never treated",0,NA,4.98107463668984,4.98107463668984,4.98107463668984,0
44,1987,0,"Never treated",0,NA,5.09389677975486,5.09389677975486,5.09389677975486,0
44,1988,0,"Never treated",0,NA,5.09428683493326,5.09428683493326,5.09428683493326,0
45,1975,0,"Never treated",0,NA,4.39058134868113,4.39058134868113,4.39058134868113,0
45,1976,0,"Never treated",0,NA,4.60063591221497,4.60063591221497,4.60063591221497,0
45,1977,0,"Never treated",0,NA,4.4293245501774,4.4293245501774,4.4293245501774,0
45,1978,0,"Never treated",0,NA,4.52535192141389,4.52535192141389,4.52535192141389,0
45,1979,0,"Never treated",0,NA,4.45603414570535,4.45603414570535,4.45603414570535,0
45,1980,0,"Never treated",0,NA,4.48150517839938,4.48150517839938,4.48150517839938,0
45,1981,0,"Never treated",0,NA,4.45491062685009,4.45491062685009,4.45491062685009,0
45,1982,0,"Never treated",0,NA,4.3999460516307,4.3999460516307,4.3999460516307,0
45,1983,0,"Never treated",0,NA,4.52747690912506,4.52747690912506,4.52747690912506,0
45,1984,0,"Never treated",0,NA,4.51727986260243,4.51727986260243,4.51727986260243,0
45,1985,0,"Never treated",0,NA,4.49627587585355,4.49627587585355,4.49627587585355,0
45,1986,0,"Never treated",0,NA,4.35202136232407,4.35202136232407,4.35202136232407,0
45,1987,0,"Never treated",0,NA,4.62552460860402,4.62552460860402,4.62552460860402,0
45,1988,0,"Never treated",0,NA,4.44311475925089,4.44311475925089,4.44311475925089,0
46,1975,0,"Never treated",0,NA,4.37660717739505,4.37660717739505,4.37660717739505,0
46,1976,0,"Never treated",0,NA,4.31316200503103,4.31316200503103,4.31316200503103,0
46,1977,0,"Never treated",0,NA,4.29276479611844,4.29276479611844,4.29276479611844,0
46,1978,0,"Never treated",0,NA,4.21952752960185,4.21952752960185,4.21952752960185,0
46,1979,0,"Never treated",0,NA,4.39136881905195,4.39136881905195,4.39136881905195,0
46,1980,0,"Never treated",0,NA,4.36347260957358,4.36347260957358,4.36347260957358,0
46,1981,0,"Never treated",0,NA,4.34271794944821,4.34271794944821,4.34271794944821,0
46,1982,0,"Never treated",0,NA,4.20471702221722,4.20471702221722,4.20471702221722,0
46,1983,0,"Never treated",0,NA,4.34892209481119,4.34892209481119,4.34892209481119,0
46,1984,0,"Never treated",0,NA,4.39985248015939,4.39985248015939,4.39985248015939,0
46,1985,0,"Never treated",0,NA,4.36277457382671,4.36277457382671,4.36277457382671,0
46,1986,0,"Never treated",0,NA,4.32661968809894,4.32661968809894,4.32661968809894,0
46,1987,0,"Never treated",0,NA,4.33976735884963,4.33976735884963,4.33976735884963,0
46,1988,0,"Never treated",0,NA,4.1938779137988,4.1938779137988,4.1938779137988,0
47,1975,0,"Never treated",0,NA,5.30224815661617,5.30224815661617,5.30224815661617,0
47,1976,0,"Never treated",0,NA,5.39236824314102,5.39236824314102,5.39236824314102,0
47,1977,0,"Never treated",0,NA,5.21927941881093,5.21927941881093,5.21927941881093,0
47,1978,0,"Never treated",0,NA,5.18362542499064,5.18362542499064,5.18362542499064,0
47,1979,0,"Never treated",0,NA,5.22054112851183,5.22054112851183,5.22054112851183,0
47,1980,0,"Never treated",0,NA,5.09325937515914,5.09325937515914,5.09325937515914,0
47,1981,0,"Never treated",0,NA,5.07996874647536,5.07996874647536,5.07996874647536,0
47,1982,0,"Never treated",0,NA,5.15474630892563,5.15474630892563,5.15474630892563,0
47,1983,0,"Never treated",0,NA,5.23569273751453,5.23569273751453,5.23569273751453,0
47,1984,0,"Never treated",0,NA,5.20258144852058,5.20258144852058,5.20258144852058,0
47,1985,0,"Never treated",0,NA,5.0308131589018,5.0308131589018,5.0308131589018,0
47,1986,0,"Never treated",0,NA,5.19307892944738,5.19307892944738,5.19307892944738,0
47,1987,0,"Never treated",0,NA,5.21336766549201,5.21336766549201,5.21336766549201,0
47,1988,0,"Never treated",0,NA,4.86329222181615,4.86329222181615,4.86329222181615,0
48,1975,0,"Never treated",0,NA,4.63165355766433,4.63165355766433,4.63165355766433,0
48,1976,0,"Never treated",0,NA,4.72974450788217,4.72974450788217,4.72974450788217,0
48,1977,0,"Never treated",0,NA,4.68798458322707,4.68798458322707,4.68798458322707,0
48,1978,0,"Never treated",0,NA,4.51068376642636,4.51068376642636,4.51068376642636,0
48,1979,0,"Never treated",0,NA,4.64462942354434,4.64462942354434,4.64462942354434,0
48,1980,0,"Never treated",0,NA,4.64257765418218,4.64257765418218,4.64257765418218,0
48,1981,0,"Never treated",0,NA,4.50466938844818,4.50466938844818,4.50466938844818,0
48,1982,0,"Never treated",0,NA,4.51591310250866,4.51591310250866,4.51591310250866,0
48,1983,0,"Never treated",0,NA,4.53677388327509,4.53677388327509,4.53677388327509,0
48,1984,0,"Never treated",0,NA,4.4947557350732,4.4947557350732,4.4947557350732,0
48,1985,0,"Never treated",0,NA,4.35849041920055,4.35849041920055,4.35849041920055,0
48,1986,0,"Never treated",0,NA,4.46931756430794,4.46931756430794,4.46931756430794,0
48,1987,0,"Never treated",0,NA,4.62174397738929,4.62174397738929,4.62174397738929,0
48,1988,0,"Never treated",0,NA,4.49502493940486,4.49502493940486,4.49502493940486,0
49,1975,0,"Never treated",0,NA,4.61605884172507,4.61605884172507,4.61605884172507,0
49,1976,0,"Never treated",0,NA,4.69363212267429,4.69363212267429,4.69363212267429,0
49,1977,0,"Never treated",0,NA,4.73159644980162,4.73159644980162,4.73159644980162,0
49,1978,0,"Never treated",0,NA,4.46323874346616,4.46323874346616,4.46323874346616,0
49,1979,0,"Never treated",0,NA,4.52981196190829,4.52981196190829,4.52981196190829,0
49,1980,0,"Never treated",0,NA,4.60637730282099,4.60637730282099,4.60637730282099,0
49,1981,0,"Never treated",0,NA,4.59477477290847,4.59477477290847,4.59477477290847,0
49,1982,0,"Never treated",0,NA,4.54272123460916,4.54272123460916,4.54272123460916,0
49,1983,0,"Never treated",0,NA,4.75990985589639,4.75990985589639,4.75990985589639,0
49,1984,0,"Never treated",0,NA,4.71398427815963,4.71398427815963,4.71398427815963,0
49,1985,0,"Never treated",0,NA,4.4537192723725,4.4537192723725,4.4537192723725,0
49,1986,0,"Never treated",0,NA,4.5542521874945,4.5542521874945,4.5542521874945,0
49,1987,0,"Never treated",0,NA,4.6888009591764,4.6888009591764,4.6888009591764,0
49,1988,0,"Never treated",0,NA,4.53508576825523,4.53508576825523,4.53508576825523,0
50,1975,0,"Never treated",0,NA,5.1715496800629,5.1715496800629,5.1715496800629,0
50,1976,0,"Never treated",0,NA,5.11267314364159,5.11267314364159,5.11267314364159,0
50,1977,0,"Never treated",0,NA,5.25647887847306,5.25647887847306,5.25647887847306,0
50,1978,0,"Never treated",0,NA,5.18275020516329,5.18275020516329,5.18275020516329,0
50,1979,0,"Never treated",0,NA,5.08902894268664,5.08902894268664,5.08902894268664,0
50,1980,0,"Never treated",0,NA,5.02990433334574,5.02990433334574,5.02990433334574,0
50,1981,0,"Never treated",0,NA,4.92868964792,4.92868964792,4.92868964792,0
50,1982,0,"Never treated",0,NA,4.88556680384262,4.88556680384262,4.88556680384262,0
50,1983,0,"Never treated",0,NA,5.25955578575989,5.25955578575989,5.25955578575989,0
50,1984,0,"Never treated",0,NA,4.94694887637973,4.94694887637973,4.94694887637973,0
50,1985,0,"Never treated",0,NA,4.90291448079104,4.90291448079104,4.90291448079104,0
50,1986,0,"Never treated",0,NA,5.05885097387908,5.05885097387908,5.05885097387908,0
50,1987,0,"Never treated",0,NA,5.19030909791019,5.19030909791019,5.19030909791019,0
50,1988,0,"Never treated",0,NA,5.05880205052973,5.05880205052973,5.05880205052973,0
