"state_id","calendar_year","event_time","treated_state","post_reform","treated_post","divorce_rate","simulated_y0","simulated_y1","simulated_individual_effect","simulated_control_untreated_trend_change"
1,1975,-4,1,0,0,5.64643404668224,5.64643404668224,5.94643404668224,0.3,0
1,1976,-3,1,0,0,5.38308825757082,5.38308825757082,5.68308825757082,0.3,0
1,1977,-2,1,0,0,5.59991340608859,5.59991340608859,5.89991340608859,0.3,0
1,1978,-1,1,0,0,5.69810222080509,5.69810222080509,5.99810222080509,0.3,0
1,1979,0,1,1,1,5.58277981218861,5.28277981218861,5.58277981218861,0.3,0
1,1980,1,1,1,1,5.50081756183129,5.20081756183129,5.50081756183129,0.3,0
1,1981,2,1,1,1,5.95371914910674,5.65371914910674,5.95371914910674,0.3,0
1,1982,3,1,1,1,5.76302920760998,5.46302920760998,5.76302920760998,0.3,0
1,1983,4,1,1,1,5.57832730517496,5.27832730517496,5.57832730517496,0.3,0
1,1984,5,1,1,1,5.93138839734739,5.63138839734739,5.93138839734739,0.3,0
1,1985,6,1,1,1,5.56203253495786,5.26203253495786,5.56203253495786,0.3,0
1,1986,7,1,1,1,5.68849249063676,5.38849249063676,5.68849249063676,0.3,0
1,1987,8,1,1,1,5.51651639650728,5.21651639650728,5.51651639650728,0.3,0
1,1988,9,1,1,1,5.55230434905204,5.25230434905204,5.55230434905204,0.3,0
2,1975,-4,1,0,0,4.97705840206561,4.97705840206561,5.27705840206561,0.3,0
2,1976,-3,1,0,0,4.74278906706197,4.74278906706197,5.04278906706197,0.3,0
2,1977,-2,1,0,0,5.15939564811454,5.15939564811454,5.45939564811454,0.3,0
2,1978,-1,1,0,0,4.97447143911212,4.97447143911212,5.27447143911212,0.3,0
2,1979,0,1,1,1,5.06000633142178,4.76000633142178,5.06000633142178,0.3,0
2,1980,1,1,1,1,4.7188631293317,4.4188631293317,4.7188631293317,0.3,0
2,1981,2,1,1,1,5.49194261334365,5.19194261334365,5.49194261334365,0.3,0
2,1982,3,1,1,1,5.30924558359581,5.00924558359581,5.30924558359581,0.3,0
2,1983,4,1,1,1,4.94792172578898,4.64792172578898,4.94792172578898,0.3,0
2,1984,5,1,1,1,5.07203423600072,4.77203423600072,5.07203423600072,0.3,0
2,1985,6,1,1,1,5.33064042877016,5.03064042877017,5.33064042877016,0.3,0
2,1986,7,1,1,1,5.27964567665224,4.97964567665224,5.27964567665224,0.3,0
2,1987,8,1,1,1,4.96076426732768,4.66076426732768,4.96076426732768,0.3,0
2,1988,9,1,1,1,5.00788245915588,4.70788245915588,5.00788245915588,0.3,0
3,1975,-4,1,0,0,4.92193927717144,4.92193927717144,5.22193927717144,0.3,0
3,1976,-3,1,0,0,5.08442532452133,5.08442532452133,5.38442532452133,0.3,0
3,1977,-2,1,0,0,4.81085021665863,4.81085021665863,5.11085021665863,0.3,0
3,1978,-1,1,0,0,4.90966369815876,4.90966369815876,5.20966369815876,0.3,0
3,1979,0,1,1,1,5.14955275219707,4.84955275219707,5.14955275219707,0.3,0
3,1980,1,1,1,1,5.18150778794891,4.88150778794891,5.18150778794891,0.3,0
3,1981,2,1,1,1,4.9456428748939,4.6456428748939,4.9456428748939,0.3,0
3,1982,3,1,1,1,5.30951413543415,5.00951413543415,5.30951413543415,0.3,0
3,1983,4,1,1,1,5.17903165393386,4.87903165393386,5.17903165393386,0.3,0
3,1984,5,1,1,1,5.05871670077258,4.75871670077258,5.05871670077258,0.3,0
3,1985,6,1,1,1,5.19692323321499,4.89692323321499,5.19692323321499,0.3,0
3,1986,7,1,1,1,4.942202775846,4.642202775846,4.942202775846,0.3,0
3,1987,8,1,1,1,4.92529609374573,4.62529609374573,4.92529609374573,0.3,0
3,1988,9,1,1,1,5.02683145323008,4.72683145323008,5.02683145323008,0.3,0
4,1975,-4,1,0,0,4.7540003178497,4.7540003178497,5.0540003178497,0.3,0
4,1976,-3,1,0,0,5.31478207342373,5.31478207342373,5.61478207342373,0.3,0
4,1977,-2,1,0,0,4.84416339419774,4.84416339419774,5.14416339419774,0.3,0
4,1978,-1,1,0,0,4.83284797927984,4.83284797927984,5.13284797927984,0.3,0
4,1979,0,1,1,1,5.34295500189681,5.04295500189681,5.34295500189681,0.3,0
4,1980,1,1,1,1,5.59094705864945,5.29094705864945,5.59094705864945,0.3,0
4,1981,2,1,1,1,5.46253299008624,5.16253299008624,5.46253299008624,0.3,0
4,1982,3,1,1,1,5.30173415104627,5.00173415104627,5.30173415104627,0.3,0
4,1983,4,1,1,1,5.44016665339958,5.14016665339958,5.44016665339958,0.3,0
4,1984,5,1,1,1,5.04657324494775,4.74657324494775,5.04657324494775,0.3,0
4,1985,6,1,1,1,5.5666673855131,5.2666673855131,5.5666673855131,0.3,0
4,1986,7,1,1,1,5.22437418583751,4.92437418583751,5.22437418583751,0.3,0
4,1987,8,1,1,1,5.52759998239171,5.22759998239171,5.52759998239171,0.3,0
4,1988,9,1,1,1,5.0099553755299,4.7099553755299,5.0099553755299,0.3,0
5,1975,-4,1,0,0,5.66847409530311,5.66847409530311,5.96847409530311,0.3,0
5,1976,-3,1,0,0,5.86201698702732,5.86201698702732,6.16201698702732,0.3,0
5,1977,-2,1,0,0,5.68132512047529,5.68132512047529,5.98132512047529,0.3,0
5,1978,-1,1,0,0,6.03875169980806,6.03875169980806,6.33875169980806,0.3,0
5,1979,0,1,1,1,5.54434275801051,5.24434275801051,5.54434275801051,0.3,0
5,1980,1,1,1,1,5.93000242795564,5.63000242795564,5.93000242795564,0.3,0
5,1981,2,1,1,1,5.9234161005761,5.6234161005761,5.9234161005761,0.3,0
5,1982,3,1,1,1,5.69314673291971,5.39314673291971,5.69314673291971,0.3,0
5,1983,4,1,1,1,5.56293654423615,5.26293654423615,5.56293654423615,0.3,0
5,1984,5,1,1,1,5.41760972119228,5.11760972119228,5.41760972119228,0.3,0
5,1985,6,1,1,1,5.92973329777646,5.62973329777646,5.92973329777646,0.3,0
5,1986,7,1,1,1,5.44453168743826,5.14453168743826,5.44453168743826,0.3,0
5,1987,8,1,1,1,5.73105278356153,5.43105278356153,5.73105278356153,0.3,0
5,1988,9,1,1,1,5.71250557568512,5.41250557568512,5.71250557568512,0.3,0
6,1975,-4,1,0,0,5.67076717236472,5.67076717236472,5.97076717236472,0.3,0
6,1976,-3,1,0,0,5.50993794026903,5.50993794026903,5.80993794026903,0.3,0
6,1977,-2,1,0,0,5.06923509830896,5.06923509830896,5.36923509830896,0.3,0
6,1978,-1,1,0,0,5.62581083578919,5.62581083578919,5.92581083578919,0.3,0
6,1979,0,1,1,1,5.57750914571326,5.27750914571326,5.57750914571326,0.3,0
6,1980,1,1,1,1,5.44658382980325,5.14658382980325,5.44658382980325,0.3,0
6,1981,2,1,1,1,5.367184667236,5.067184667236,5.367184667236,0.3,0
6,1982,3,1,1,1,5.5516577880711,5.25165778807111,5.5516577880711,0.3,0
6,1983,4,1,1,1,5.54139194644593,5.24139194644593,5.54139194644593,0.3,0
6,1984,5,1,1,1,5.14888081439618,4.84888081439618,5.14888081439618,0.3,0
6,1985,6,1,1,1,5.36819684828439,5.06819684828439,5.36819684828439,0.3,0
6,1986,7,1,1,1,5.67754488275815,5.37754488275815,5.67754488275815,0.3,0
6,1987,8,1,1,1,5.29140771545309,4.99140771545309,5.29140771545309,0.3,0
6,1988,9,1,1,1,5.22440458119181,4.92440458119181,5.22440458119181,0.3,0
7,1975,-4,1,0,0,4.25823065267424,4.25823065267424,4.55823065267424,0.3,0
7,1976,-3,1,0,0,4.29200847619993,4.29200847619993,4.59200847619993,0.3,0
7,1977,-2,1,0,0,4.46434678078048,4.46434678078048,4.76434678078048,0.3,0
7,1978,-1,1,0,0,4.19409312479153,4.19409312479153,4.49409312479153,0.3,0
7,1979,0,1,1,1,4.62629675859855,4.32629675859855,4.62629675859855,0.3,0
7,1980,1,1,1,1,4.5931506047455,4.2931506047455,4.5931506047455,0.3,0
7,1981,2,1,1,1,4.81949922500753,4.51949922500753,4.81949922500753,0.3,0
7,1982,3,1,1,1,4.47935638538493,4.17935638538493,4.47935638538493,0.3,0
7,1983,4,1,1,1,4.58729999122899,4.28729999122899,4.58729999122899,0.3,0
7,1984,5,1,1,1,4.53184033699514,4.23184033699514,4.53184033699514,0.3,0
7,1985,6,1,1,1,4.49705910004097,4.19705910004097,4.49705910004097,0.3,0
7,1986,7,1,1,1,4.62328726218348,4.32328726218348,4.62328726218348,0.3,0
7,1987,8,1,1,1,4.37230582831281,4.07230582831281,4.37230582831281,0.3,0
7,1988,9,1,1,1,4.34830788688243,4.04830788688243,4.34830788688243,0.3,0
8,1975,-4,1,0,0,5.32268138778476,5.32268138778476,5.62268138778476,0.3,0
8,1976,-3,1,0,0,5.0531559332402,5.0531559332402,5.3531559332402,0.3,0
8,1977,-2,1,0,0,5.7361086920528,5.7361086920528,6.0361086920528,0.3,0
8,1978,-1,1,0,0,4.96704018940201,4.96704018940201,5.26704018940201,0.3,0
8,1979,0,1,1,1,5.54477284122521,5.24477284122521,5.54477284122521,0.3,0
8,1980,1,1,1,1,5.50272078371937,5.20272078371937,5.50272078371937,0.3,0
8,1981,2,1,1,1,5.64297142350677,5.34297142350677,5.64297142350677,0.3,0
8,1982,3,1,1,1,5.61594889957769,5.31594889957769,5.61594889957769,0.3,0
8,1983,4,1,1,1,5.03893780380607,4.73893780380607,5.03893780380607,0.3,0
8,1984,5,1,1,1,5.25023413456471,4.95023413456471,5.25023413456471,0.3,0
8,1985,6,1,1,1,5.60169444195033,5.30169444195033,5.60169444195033,0.3,0
8,1986,7,1,1,1,5.02438752201063,4.72438752201063,5.02438752201063,0.3,0
8,1987,8,1,1,1,5.45468131714296,5.15468131714296,5.45468131714296,0.3,0
8,1988,9,1,1,1,5.34441699073707,5.04441699073707,5.34441699073707,0.3,0
9,1975,-4,1,0,0,4.95795265546032,4.95795265546032,5.25795265546032,0.3,0
9,1976,-3,1,0,0,4.82204319136511,4.82204319136511,5.12204319136511,0.3,0
9,1977,-2,1,0,0,5.28414811154468,5.28414811154468,5.58414811154468,0.3,0
9,1978,-1,1,0,0,5.13759937199452,5.13759937199452,5.43759937199452,0.3,0
9,1979,0,1,1,1,5.32445883047117,5.02445883047117,5.32445883047117,0.3,0
9,1980,1,1,1,1,4.94208804216261,4.64208804216261,4.94208804216261,0.3,0
9,1981,2,1,1,1,5.25845309219221,4.95845309219221,5.25845309219221,0.3,0
9,1982,3,1,1,1,5.23499431222498,4.93499431222498,5.23499431222498,0.3,0
9,1983,4,1,1,1,5.35192232122651,5.05192232122651,5.35192232122651,0.3,0
9,1984,5,1,1,1,5.3149611891028,5.0149611891028,5.3149611891028,0.3,0
9,1985,6,1,1,1,5.02182311816273,4.72182311816273,5.02182311816273,0.3,0
9,1986,7,1,1,1,5.0767603958068,4.7767603958068,5.0767603958068,0.3,0
9,1987,8,1,1,1,5.52230770329393,5.22230770329393,5.52230770329393,0.3,0
9,1988,9,1,1,1,5.15341931739403,4.85341931739403,5.15341931739403,0.3,0
10,1975,-4,1,0,0,5.02899525230339,5.02899525230339,5.32899525230339,0.3,0
10,1976,-3,1,0,0,5.06448574971305,5.06448574971305,5.36448574971305,0.3,0
10,1977,-2,1,0,0,5.0278929295102,5.0278929295102,5.3278929295102,0.3,0
10,1978,-1,1,0,0,4.94696051603753,4.94696051603753,5.24696051603753,0.3,0
10,1979,0,1,1,1,5.05175207900376,4.75175207900376,5.05175207900376,0.3,0
10,1980,1,1,1,1,5.03333693153061,4.73333693153061,5.03333693153061,0.3,0
10,1981,2,1,1,1,5.25237010590498,4.95237010590498,5.25237010590498,0.3,0
10,1982,3,1,1,1,5.13919212272776,4.83919212272776,5.13919212272776,0.3,0
10,1983,4,1,1,1,5.48972522778284,5.18972522778284,5.48972522778284,0.3,0
10,1984,5,1,1,1,5.04133553004985,4.74133553004985,5.04133553004985,0.3,0
10,1985,6,1,1,1,5.15355557362903,4.85355557362903,5.15355557362903,0.3,0
10,1986,7,1,1,1,4.95735334896157,4.65735334896157,4.95735334896157,0.3,0
10,1987,8,1,1,1,5.55593324925369,5.25593324925369,5.55593324925369,0.3,0
10,1988,9,1,1,1,5.02083516760159,4.72083516760159,5.02083516760159,0.3,0
11,1975,-4,1,0,0,4.92005179310191,4.92005179310191,5.22005179310191,0.3,0
11,1976,-3,1,0,0,4.78084066602898,4.78084066602898,5.08084066602898,0.3,0
11,1977,-2,1,0,0,4.50825859234336,4.50825859234336,4.80825859234336,0.3,0
11,1978,-1,1,0,0,4.69016291638343,4.69016291638343,4.99016291638343,0.3,0
11,1979,0,1,1,1,5.03880362545908,4.73880362545908,5.03880362545908,0.3,0
11,1980,1,1,1,1,5.0188725037587,4.7188725037587,5.0188725037587,0.3,0
11,1981,2,1,1,1,4.94122248251753,4.64122248251753,4.94122248251753,0.3,0
11,1982,3,1,1,1,4.70858570004377,4.40858570004377,4.70858570004377,0.3,0
11,1983,4,1,1,1,5.01666366203632,4.71666366203632,5.01666366203632,0.3,0
11,1984,5,1,1,1,5.24674922072093,4.94674922072093,5.24674922072093,0.3,0
11,1985,6,1,1,1,5.17494175935216,4.87494175935216,5.17494175935216,0.3,0
11,1986,7,1,1,1,4.73791259935249,4.43791259935249,4.73791259935249,0.3,0
11,1987,8,1,1,1,4.62059835497259,4.32059835497259,4.62059835497259,0.3,0
11,1988,9,1,1,1,4.7183734542229,4.4183734542229,4.7183734542229,0.3,0
12,1975,-4,1,0,0,4.86370378504648,4.86370378504648,5.16370378504648,0.3,0
12,1976,-3,1,0,0,5.18503070708392,5.18503070708392,5.48503070708392,0.3,0
12,1977,-2,1,0,0,4.6503004539282,4.6503004539282,4.9503004539282,0.3,0
12,1978,-1,1,0,0,4.83037228775058,4.83037228775058,5.13037228775058,0.3,0
12,1979,0,1,1,1,5.40363201414919,5.10363201414919,5.40363201414919,0.3,0
12,1980,1,1,1,1,5.13738644105934,4.83738644105934,5.13738644105934,0.3,0
12,1981,2,1,1,1,5.12649604418902,4.82649604418902,5.12649604418902,0.3,0
12,1982,3,1,1,1,5.33373437021136,5.03373437021136,5.33373437021136,0.3,0
12,1983,4,1,1,1,5.09613099593534,4.79613099593534,5.09613099593534,0.3,0
12,1984,5,1,1,1,5.18194450518583,4.88194450518583,5.18194450518583,0.3,0
12,1985,6,1,1,1,5.08406994911984,4.78406994911984,5.08406994911984,0.3,0
12,1986,7,1,1,1,5.01543088175,4.71543088175,5.01543088175,0.3,0
12,1987,8,1,1,1,5.01272430236517,4.71272430236517,5.01272430236517,0.3,0
12,1988,9,1,1,1,4.95843795205328,4.65843795205328,4.95843795205328,0.3,0
13,1975,-4,1,0,0,5.28788919912767,5.28788919912767,5.58788919912767,0.3,0
13,1976,-3,1,0,0,5.2068972262645,5.2068972262645,5.5068972262645,0.3,0
13,1977,-2,1,0,0,4.996810771213,4.996810771213,5.296810771213,0.3,0
13,1978,-1,1,0,0,4.88175277647541,4.88175277647541,5.18175277647541,0.3,0
13,1979,0,1,1,1,5.20731610736954,4.90731610736954,5.20731610736954,0.3,0
13,1980,1,1,1,1,5.65050561637663,5.35050561637663,5.65050561637663,0.3,0
13,1981,2,1,1,1,5.33447756105445,5.03447756105445,5.33447756105445,0.3,0
13,1982,3,1,1,1,5.18998109490925,4.88998109490925,5.18998109490925,0.3,0
13,1983,4,1,1,1,5.23576359598348,4.93576359598348,5.23576359598348,0.3,0
13,1984,5,1,1,1,4.95369770781691,4.65369770781691,4.95369770781691,0.3,0
13,1985,6,1,1,1,5.14079399412638,4.84079399412638,5.14079399412638,0.3,0
13,1986,7,1,1,1,4.87383000466392,4.57383000466392,4.87383000466392,0.3,0
13,1987,8,1,1,1,5.12062179071074,4.82062179071074,5.12062179071074,0.3,0
13,1988,9,1,1,1,5.24148260896394,4.94148260896394,5.24148260896394,0.3,0
14,1975,-4,1,0,0,5.11683578640562,5.11683578640562,5.41683578640562,0.3,0
14,1976,-3,1,0,0,5.33394523988279,5.33394523988279,5.63394523988279,0.3,0
14,1977,-2,1,0,0,5.67579487613165,5.67579487613165,5.97579487613165,0.3,0
14,1978,-1,1,0,0,5.4143872893609,5.4143872893609,5.7143872893609,0.3,0
14,1979,0,1,1,1,5.50842374077406,5.20842374077406,5.50842374077406,0.3,0
14,1980,1,1,1,1,5.4643374553908,5.1643374553908,5.4643374553908,0.3,0
14,1981,2,1,1,1,5.76247324664109,5.46247324664109,5.76247324664109,0.3,0
14,1982,3,1,1,1,5.6793052870124,5.3793052870124,5.6793052870124,0.3,0
14,1983,4,1,1,1,5.84432526089861,5.54432526089861,5.84432526089861,0.3,0
14,1984,5,1,1,1,5.77986095304788,5.47986095304788,5.77986095304788,0.3,0
14,1985,6,1,1,1,5.52001160389109,5.22001160389109,5.52001160389109,0.3,0
14,1986,7,1,1,1,5.64602681556054,5.34602681556054,5.64602681556054,0.3,0
14,1987,8,1,1,1,5.32986643699948,5.02986643699948,5.32986643699948,0.3,0
14,1988,9,1,1,1,5.29207864891461,4.99207864891461,5.29207864891461,0.3,0
15,1975,-4,1,0,0,5.72310785208418,5.72310785208418,6.02310785208418,0.3,0
15,1976,-3,1,0,0,5.54146080630247,5.54146080630247,5.84146080630247,0.3,0
15,1977,-2,1,0,0,5.53813101079541,5.53813101079541,5.83813101079541,0.3,0
15,1978,-1,1,0,0,5.76611675828474,5.76611675828474,6.06611675828474,0.3,0
15,1979,0,1,1,1,5.74760551654914,5.44760551654914,5.74760551654914,0.3,0
15,1980,1,1,1,1,5.73437150887319,5.43437150887319,5.73437150887319,0.3,0
15,1981,2,1,1,1,5.69538448932841,5.39538448932842,5.69538448932841,0.3,0
15,1982,3,1,1,1,6.11557177775385,5.81557177775385,6.11557177775385,0.3,0
15,1983,4,1,1,1,5.66031424844876,5.36031424844876,5.66031424844876,0.3,0
15,1984,5,1,1,1,5.85142874854456,5.55142874854456,5.85142874854456,0.3,0
15,1985,6,1,1,1,5.77071255651266,5.47071255651266,5.77071255651266,0.3,0
15,1986,7,1,1,1,5.73788362803407,5.43788362803407,5.73788362803407,0.3,0
15,1987,8,1,1,1,6.21325858912809,5.91325858912809,6.21325858912809,0.3,0
15,1988,9,1,1,1,5.63821580137267,5.33821580137267,5.63821580137267,0.3,0
16,1975,-4,1,0,0,4.88157579646411,4.88157579646411,5.18157579646411,0.3,0
16,1976,-3,1,0,0,4.7619294620553,4.7619294620553,5.0619294620553,0.3,0
16,1977,-2,1,0,0,4.67322331556166,4.67322331556166,4.97322331556166,0.3,0
16,1978,-1,1,0,0,5.08016538353524,5.08016538353524,5.38016538353524,0.3,0
16,1979,0,1,1,1,4.99035051790395,4.69035051790395,4.99035051790395,0.3,0
16,1980,1,1,1,1,4.97343586968318,4.67343586968318,4.97343586968318,0.3,0
16,1981,2,1,1,1,5.20342057257956,4.90342057257956,5.20342057257956,0.3,0
16,1982,3,1,1,1,4.84528695103834,4.54528695103834,4.84528695103834,0.3,0
16,1983,4,1,1,1,4.92465792980692,4.62465792980692,4.92465792980692,0.3,0
16,1984,5,1,1,1,4.68327747196333,4.38327747196333,4.68327747196333,0.3,0
16,1985,6,1,1,1,4.8390000602315,4.5390000602315,4.8390000602315,0.3,0
16,1986,7,1,1,1,4.8313916099233,4.5313916099233,4.8313916099233,0.3,0
16,1987,8,1,1,1,4.81604541025273,4.51604541025273,4.81604541025273,0.3,0
16,1988,9,1,1,1,4.74279506825106,4.44279506825106,4.74279506825106,0.3,0
17,1975,-4,1,0,0,5.08357076038133,5.08357076038133,5.38357076038133,0.3,0
17,1976,-3,1,0,0,5.1331835741362,5.1331835741362,5.4331835741362,0.3,0
17,1977,-2,1,0,0,4.64160671478708,4.64160671478708,4.94160671478708,0.3,0
17,1978,-1,1,0,0,4.75528007847281,4.75528007847281,5.05528007847281,0.3,0
17,1979,0,1,1,1,4.91233415164172,4.61233415164172,4.91233415164172,0.3,0
17,1980,1,1,1,1,5.56104848630408,5.26104848630408,5.56104848630408,0.3,0
17,1981,2,1,1,1,5.34222661013079,5.04222661013079,5.34222661013079,0.3,0
17,1982,3,1,1,1,5.24408566205932,4.94408566205932,5.24408566205932,0.3,0
17,1983,4,1,1,1,5.21936693472935,4.91936693472935,5.21936693472935,0.3,0
17,1984,5,1,1,1,5.09597820916217,4.79597820916217,5.09597820916217,0.3,0
17,1985,6,1,1,1,5.14463100057568,4.84463100057568,5.14463100057568,0.3,0
17,1986,7,1,1,1,5.32503908775373,5.02503908775373,5.32503908775373,0.3,0
17,1987,8,1,1,1,5.10208044023462,4.80208044023462,5.10208044023462,0.3,0
17,1988,9,1,1,1,4.84026179897183,4.54026179897183,4.84026179897183,0.3,0
18,1975,-4,1,0,0,5.25628286759343,5.25628286759343,5.55628286759343,0.3,0
18,1976,-3,1,0,0,5.13133451714332,5.13133451714332,5.43133451714332,0.3,0
18,1977,-2,1,0,0,5.0700738118058,5.0700738118058,5.3700738118058,0.3,0
18,1978,-1,1,0,0,4.98264977260117,4.98264977260117,5.28264977260117,0.3,0
18,1979,0,1,1,1,5.05968603123495,4.75968603123495,5.05968603123495,0.3,0
18,1980,1,1,1,1,5.01496205882922,4.71496205882922,5.01496205882922,0.3,0
18,1981,2,1,1,1,5.24679248419735,4.94679248419735,5.24679248419735,0.3,0
18,1982,3,1,1,1,5.41929071313111,5.11929071313111,5.41929071313111,0.3,0
18,1983,4,1,1,1,5.0398484795205,4.7398484795205,5.0398484795205,0.3,0
18,1984,5,1,1,1,5.17533552792644,4.87533552792644,5.17533552792644,0.3,0
18,1985,6,1,1,1,5.41850293901732,5.11850293901732,5.41850293901732,0.3,0
18,1986,7,1,1,1,5.30609069478766,5.00609069478766,5.30609069478766,0.3,0
18,1987,8,1,1,1,5.31499919287902,5.01499919287902,5.31499919287902,0.3,0
18,1988,9,1,1,1,5.36002887860696,5.06002887860696,5.36002887860696,0.3,0
19,1975,-4,1,0,0,4.3999426735795,4.3999426735795,4.6999426735795,0.3,0
19,1976,-3,1,0,0,4.22872704704582,4.22872704704582,4.52872704704582,0.3,0
19,1977,-2,1,0,0,4.46407062500569,4.46407062500569,4.76407062500569,0.3,0
19,1978,-1,1,0,0,4.49663293320398,4.49663293320398,4.79663293320398,0.3,0
19,1979,0,1,1,1,4.68181052525809,4.38181052525809,4.68181052525809,0.3,0
19,1980,1,1,1,1,4.50754845181864,4.20754845181864,4.50754845181864,0.3,0
19,1981,2,1,1,1,4.75106691901188,4.45106691901188,4.75106691901188,0.3,0
19,1982,3,1,1,1,4.52105289297015,4.22105289297015,4.52105289297015,0.3,0
19,1983,4,1,1,1,4.51194584311775,4.21194584311775,4.51194584311775,0.3,0
19,1984,5,1,1,1,4.38740946769072,4.08740946769072,4.38740946769072,0.3,0
19,1985,6,1,1,1,4.85333536292922,4.55333536292922,4.85333536292922,0.3,0
19,1986,7,1,1,1,4.28695111189506,3.98695111189506,4.28695111189506,0.3,0
19,1987,8,1,1,1,4.72029620169952,4.42029620169952,4.72029620169952,0.3,0
19,1988,9,1,1,1,4.34631197441355,4.04631197441355,4.34631197441355,0.3,0
20,1975,-4,1,0,0,5.02782501508497,5.02782501508497,5.32782501508497,0.3,0
20,1976,-3,1,0,0,5.08143906880438,5.08143906880438,5.38143906880438,0.3,0
20,1977,-2,1,0,0,4.79791234264691,4.79791234264691,5.09791234264691,0.3,0
20,1978,-1,1,0,0,4.81948440203139,4.81948440203139,5.11948440203139,0.3,0
20,1979,0,1,1,1,5.24205846588581,4.94205846588581,5.24205846588581,0.3,0
20,1980,1,1,1,1,4.9489787115052,4.6489787115052,4.9489787115052,0.3,0
20,1981,2,1,1,1,5.09622549423739,4.79622549423739,5.09622549423739,0.3,0
20,1982,3,1,1,1,4.92915365421215,4.62915365421215,4.92915365421215,0.3,0
20,1983,4,1,1,1,4.79711319848633,4.49711319848633,4.79711319848633,0.3,0
20,1984,5,1,1,1,4.83716709947833,4.53716709947833,4.83716709947833,0.3,0
20,1985,6,1,1,1,4.85579062306424,4.55579062306424,4.85579062306424,0.3,0
20,1986,7,1,1,1,4.95770132045476,4.65770132045476,4.95770132045476,0.3,0
20,1987,8,1,1,1,5.12211473131245,4.82211473131245,5.12211473131245,0.3,0
20,1988,9,1,1,1,4.95012262810572,4.65012262810572,4.95012262810572,0.3,0
21,1975,-4,0,0,0,4.87636890654368,4.87636890654368,5.17636890654368,0.3,0
21,1976,-3,0,0,0,5.0674231513074,5.0674231513074,5.3674231513074,0.3,-0.06
21,1977,-2,0,0,0,4.87143465485902,4.87143465485902,5.17143465485902,0.3,-0.12
21,1978,-1,0,0,0,4.79637893797989,4.79637893797989,5.09637893797989,0.3,-0.18
21,1979,0,0,1,0,4.83096880229313,4.83096880229313,5.13096880229313,0.3,-0.24
21,1980,1,0,1,0,4.50511006866024,4.50511006866024,4.80511006866023,0.3,-0.3
21,1981,2,0,1,0,4.72837273813044,4.72837273813044,5.02837273813044,0.3,-0.36
21,1982,3,0,1,0,4.44923266674779,4.44923266674779,4.74923266674779,0.3,-0.42
21,1983,4,0,1,0,4.6053060280342,4.6053060280342,4.9053060280342,0.3,-0.48
21,1984,5,0,1,0,4.10182149516997,4.10182149516997,4.40182149516997,0.3,-0.54
21,1985,6,0,1,0,4.37859598276414,4.37859598276414,4.67859598276414,0.3,-0.6
21,1986,7,0,1,0,4.07875242121484,4.07875242121484,4.37875242121483,0.3,-0.66
21,1987,8,0,1,0,4.00371550358371,4.00371550358371,4.30371550358371,0.3,-0.72
21,1988,9,0,1,0,4.11741552193284,4.11741552193284,4.41741552193284,0.3,-0.78
22,1975,-4,0,0,0,5.28474338536859,5.28474338536859,5.58474338536859,0.3,0
22,1976,-3,0,0,0,5.45542271208484,5.45542271208484,5.75542271208484,0.3,-0.06
22,1977,-2,0,0,0,4.50788175059049,4.50788175059049,4.80788175059048,0.3,-0.12
22,1978,-1,0,0,0,4.79423583082273,4.79423583082273,5.09423583082273,0.3,-0.18
22,1979,0,0,1,0,4.34421159733715,4.34421159733715,4.64421159733715,0.3,-0.24
22,1980,1,0,1,0,4.37990318835618,4.37990318835618,4.67990318835618,0.3,-0.3
22,1981,2,0,1,0,4.47565847663021,4.47565847663021,4.77565847663021,0.3,-0.36
22,1982,3,0,1,0,4.2271691093375,4.2271691093375,4.5271691093375,0.3,-0.42
22,1983,4,0,1,0,4.3536666095293,4.3536666095293,4.6536666095293,0.3,-0.48
22,1984,5,0,1,0,4.11783017068324,4.11783017068324,4.41783017068324,0.3,-0.54
22,1985,6,0,1,0,4.36076646147419,4.36076646147419,4.66076646147419,0.3,-0.6
22,1986,7,0,1,0,3.95952725213491,3.95952725213491,4.25952725213491,0.3,-0.66
22,1987,8,0,1,0,4.15864346381146,4.15864346381146,4.45864346381146,0.3,-0.72
22,1988,9,0,1,0,3.80580270258423,3.80580270258423,4.10580270258423,0.3,-0.78
23,1975,-4,0,0,0,5.29551784112239,5.29551784112239,5.59551784112239,0.3,0
23,1976,-3,0,0,0,4.98207713090472,4.98207713090472,5.28207713090472,0.3,-0.06
23,1977,-2,0,0,0,4.53229323768049,4.53229323768049,4.83229323768049,0.3,-0.12
23,1978,-1,0,0,0,4.7495613787772,4.7495613787772,5.0495613787772,0.3,-0.18
23,1979,0,0,1,0,4.40159410843117,4.40159410843117,4.70159410843117,0.3,-0.24
23,1980,1,0,1,0,4.61127558100329,4.61127558100329,4.91127558100329,0.3,-0.3
23,1981,2,0,1,0,4.53366705154105,4.53366705154105,4.83366705154105,0.3,-0.36
23,1982,3,0,1,0,4.50462263346459,4.50462263346459,4.80462263346458,0.3,-0.42
23,1983,4,0,1,0,4.51423637773519,4.51423637773519,4.81423637773519,0.3,-0.48
23,1984,5,0,1,0,4.30758524913547,4.30758524913547,4.60758524913547,0.3,-0.54
23,1985,6,0,1,0,3.97051175894511,3.97051175894511,4.27051175894511,0.3,-0.6
23,1986,7,0,1,0,4.29586866954384,4.29586866954384,4.59586866954384,0.3,-0.66
23,1987,8,0,1,0,4.39337275568923,4.39337275568923,4.69337275568923,0.3,-0.72
23,1988,9,0,1,0,3.86222345500925,3.86222345500925,4.16222345500925,0.3,-0.78
24,1975,-4,0,0,0,4.5639209703336,4.5639209703336,4.8639209703336,0.3,0
24,1976,-3,0,0,0,4.56656692625885,4.56656692625885,4.86656692625885,0.3,-0.06
24,1977,-2,0,0,0,4.74222740200243,4.74222740200243,5.04222740200243,0.3,-0.12
24,1978,-1,0,0,0,4.91293090674011,4.91293090674011,5.21293090674011,0.3,-0.18
24,1979,0,0,1,0,4.23927725667013,4.23927725667013,4.53927725667013,0.3,-0.24
24,1980,1,0,1,0,4.23153457248535,4.23153457248535,4.53153457248535,0.3,-0.3
24,1981,2,0,1,0,4.34109292062472,4.34109292062472,4.64109292062472,0.3,-0.36
24,1982,3,0,1,0,4.00548762502772,4.00548762502772,4.30548762502772,0.3,-0.42
24,1983,4,0,1,0,3.84372974426916,3.84372974426916,4.14372974426916,0.3,-0.48
24,1984,5,0,1,0,3.96615475707715,3.96615475707715,4.26615475707715,0.3,-0.54
24,1985,6,0,1,0,4.1901572949422,4.1901572949422,4.4901572949422,0.3,-0.6
24,1986,7,0,1,0,4.17326232943554,4.17326232943554,4.47326232943554,0.3,-0.66
24,1987,8,0,1,0,3.61262644748732,3.61262644748732,3.91262644748732,0.3,-0.72
24,1988,9,0,1,0,3.71624692796486,3.71624692796486,4.01624692796486,0.3,-0.78
25,1975,-4,0,0,0,4.41939848627297,4.41939848627297,4.71939848627297,0.3,0
25,1976,-3,0,0,0,4.24993862593605,4.24993862593605,4.54993862593605,0.3,-0.06
25,1977,-2,0,0,0,4.26680515165154,4.26680515165154,4.56680515165154,0.3,-0.12
25,1978,-1,0,0,0,4.42880027163863,4.42880027163863,4.72880027163863,0.3,-0.18
25,1979,0,0,1,0,4.53172745461435,4.53172745461435,4.83172745461435,0.3,-0.24
25,1980,1,0,1,0,3.48215825838924,3.48215825838924,3.78215825838924,0.3,-0.3
25,1981,2,0,1,0,4.24440798748345,4.24440798748345,4.54440798748345,0.3,-0.36
25,1982,3,0,1,0,3.80726285933909,3.80726285933909,4.10726285933909,0.3,-0.42
25,1983,4,0,1,0,3.79103605565979,3.79103605565979,4.09103605565979,0.3,-0.48
25,1984,5,0,1,0,3.68758641679091,3.68758641679091,3.98758641679091,0.3,-0.54
25,1985,6,0,1,0,3.56210940790072,3.56210940790072,3.86210940790072,0.3,-0.6
25,1986,7,0,1,0,3.6519188525949,3.6519188525949,3.9519188525949,0.3,-0.66
25,1987,8,0,1,0,3.45428768399625,3.45428768399625,3.75428768399625,0.3,-0.72
25,1988,9,0,1,0,3.31807405502887,3.31807405502887,3.61807405502887,0.3,-0.78
26,1975,-4,0,0,0,5.05447386632144,5.05447386632144,5.35447386632144,0.3,0
26,1976,-3,0,0,0,4.75641157736951,4.75641157736951,5.05641157736951,0.3,-0.06
26,1977,-2,0,0,0,4.50132342111774,4.50132342111774,4.80132342111774,0.3,-0.12
26,1978,-1,0,0,0,4.73828751946801,4.73828751946801,5.03828751946801,0.3,-0.18
26,1979,0,0,1,0,4.39705808220463,4.39705808220463,4.69705808220463,0.3,-0.24
26,1980,1,0,1,0,4.44632441561976,4.44632441561976,4.74632441561976,0.3,-0.3
26,1981,2,0,1,0,4.21578422889232,4.21578422889232,4.51578422889232,0.3,-0.36
26,1982,3,0,1,0,4.22008450212121,4.22008450212121,4.52008450212121,0.3,-0.42
26,1983,4,0,1,0,4.05733596078659,4.05733596078659,4.35733596078659,0.3,-0.48
26,1984,5,0,1,0,4.052046293256,4.052046293256,4.352046293256,0.3,-0.54
26,1985,6,0,1,0,4.33127858065996,4.33127858065996,4.63127858065996,0.3,-0.6
26,1986,7,0,1,0,3.94722167663951,3.94722167663951,4.24722167663951,0.3,-0.66
26,1987,8,0,1,0,3.91909581012613,3.91909581012613,4.21909581012613,0.3,-0.72
26,1988,9,0,1,0,3.88485234838426,3.88485234838426,4.18485234838426,0.3,-0.78
27,1975,-4,0,0,0,4.36475243421605,4.36475243421605,4.66475243421605,0.3,0
27,1976,-3,0,0,0,4.3470318871898,4.3470318871898,4.6470318871898,0.3,-0.06
27,1977,-2,0,0,0,4.42267383938752,4.42267383938752,4.72267383938752,0.3,-0.12
27,1978,-1,0,0,0,4.32776103661936,4.32776103661936,4.62776103661936,0.3,-0.18
27,1979,0,0,1,0,4.4392392023261,4.4392392023261,4.7392392023261,0.3,-0.24
27,1980,1,0,1,0,4.41249662044225,4.41249662044225,4.71249662044225,0.3,-0.3
27,1981,2,0,1,0,4.30276491937919,4.30276491937919,4.60276491937918,0.3,-0.36
27,1982,3,0,1,0,4.13895304149413,4.13895304149413,4.43895304149413,0.3,-0.42
27,1983,4,0,1,0,4.14955555389421,4.14955555389421,4.44955555389421,0.3,-0.48
27,1984,5,0,1,0,3.84754242591459,3.84754242591459,4.14754242591459,0.3,-0.54
27,1985,6,0,1,0,3.87388837874443,3.87388837874443,4.17388837874443,0.3,-0.6
27,1986,7,0,1,0,3.60450091353459,3.60450091353459,3.90450091353459,0.3,-0.66
27,1987,8,0,1,0,3.83601954997562,3.83601954997562,4.13601954997562,0.3,-0.72
27,1988,9,0,1,0,3.66751450282776,3.66751450282776,3.96751450282776,0.3,-0.78
28,1975,-4,0,0,0,3.86884181722036,3.86884181722036,4.16884181722036,0.3,0
28,1976,-3,0,0,0,4.27386670351971,4.27386670351971,4.57386670351971,0.3,-0.06
28,1977,-2,0,0,0,4.11297066866148,4.11297066866148,4.41297066866148,0.3,-0.12
28,1978,-1,0,0,0,3.80917576819916,3.80917576819916,4.10917576819916,0.3,-0.18
28,1979,0,0,1,0,3.78604048081495,3.78604048081495,4.08604048081495,0.3,-0.24
28,1980,1,0,1,0,3.55179966313661,3.55179966313661,3.85179966313661,0.3,-0.3
28,1981,2,0,1,0,3.87429665396201,3.87429665396201,4.17429665396201,0.3,-0.36
28,1982,3,0,1,0,3.73081389507069,3.73081389507069,4.0308138950707,0.3,-0.42
28,1983,4,0,1,0,3.67834072959627,3.67834072959627,3.97834072959627,0.3,-0.48
28,1984,5,0,1,0,3.34112188713954,3.34112188713954,3.64112188713954,0.3,-0.54
28,1985,6,0,1,0,3.53842716981658,3.53842716981658,3.83842716981658,0.3,-0.6
28,1986,7,0,1,0,3.19786448044816,3.19786448044816,3.49786448044816,0.3,-0.66
28,1987,8,0,1,0,3.12623078951752,3.12623078951752,3.42623078951752,0.3,-0.72
28,1988,9,0,1,0,2.84601399987794,2.84601399987794,3.14601399987794,0.3,-0.78
29,1975,-4,0,0,0,4.37093940856695,4.37093940856695,4.67093940856695,0.3,0
29,1976,-3,0,0,0,4.2360541505913,4.2360541505913,4.5360541505913,0.3,-0.06
29,1977,-2,0,0,0,4.40783243043886,4.40783243043886,4.70783243043886,0.3,-0.12
29,1978,-1,0,0,0,4.45681293511999,4.45681293511999,4.75681293511999,0.3,-0.18
29,1979,0,0,1,0,4.08756699928983,4.08756699928983,4.38756699928983,0.3,-0.24
29,1980,1,0,1,0,3.79651496265979,3.79651496265979,4.09651496265979,0.3,-0.3
29,1981,2,0,1,0,4.18592399259126,4.18592399259126,4.48592399259126,0.3,-0.36
29,1982,3,0,1,0,3.95761865946226,3.95761865946226,4.25761865946226,0.3,-0.42
29,1983,4,0,1,0,3.72501973204163,3.72501973204163,4.02501973204163,0.3,-0.48
29,1984,5,0,1,0,3.48449322481912,3.48449322481912,3.78449322481912,0.3,-0.54
29,1985,6,0,1,0,3.65226544921983,3.65226544921983,3.95226544921983,0.3,-0.6
29,1986,7,0,1,0,3.4683496308058,3.4683496308058,3.7683496308058,0.3,-0.66
29,1987,8,0,1,0,3.30639632959439,3.30639632959439,3.60639632959439,0.3,-0.72
29,1988,9,0,1,0,3.48759095010455,3.48759095010455,3.78759095010455,0.3,-0.78
30,1975,-4,0,0,0,4.71932953530119,4.71932953530119,5.01932953530119,0.3,0
30,1976,-3,0,0,0,4.54901299682214,4.54901299682214,4.84901299682214,0.3,-0.06
30,1977,-2,0,0,0,4.52505897730316,4.52505897730316,4.82505897730316,0.3,-0.12
30,1978,-1,0,0,0,4.69076396072424,4.69076396072424,4.99076396072424,0.3,-0.18
30,1979,0,0,1,0,4.14544465502833,4.14544465502833,4.44544465502833,0.3,-0.24
30,1980,1,0,1,0,3.89900876472347,3.89900876472347,4.19900876472347,0.3,-0.3
30,1981,2,0,1,0,3.87729214117555,3.87729214117555,4.17729214117555,0.3,-0.36
30,1982,3,0,1,0,3.76102206102325,3.76102206102325,4.06102206102325,0.3,-0.42
30,1983,4,0,1,0,3.69098332803244,3.69098332803244,3.99098332803244,0.3,-0.48
30,1984,5,0,1,0,3.79925406387289,3.79925406387289,4.09925406387289,0.3,-0.54
30,1985,6,0,1,0,3.88343246852715,3.88343246852715,4.18343246852715,0.3,-0.6
30,1986,7,0,1,0,3.77098498667414,3.77098498667414,4.07098498667414,0.3,-0.66
30,1987,8,0,1,0,3.65035793540988,3.65035793540988,3.95035793540988,0.3,-0.72
30,1988,9,0,1,0,3.25717361270778,3.25717361270778,3.55717361270778,0.3,-0.78
31,1975,-4,0,0,0,4.78308825296703,4.78308825296703,5.08308825296703,0.3,0
31,1976,-3,0,0,0,4.52138881035091,4.52138881035091,4.82138881035091,0.3,-0.06
31,1977,-2,0,0,0,4.78948944588631,4.78948944588631,5.08948944588631,0.3,-0.12
31,1978,-1,0,0,0,4.3163373547256,4.3163373547256,4.6163373547256,0.3,-0.18
31,1979,0,0,1,0,3.94160301220329,3.94160301220329,4.24160301220329,0.3,-0.24
31,1980,1,0,1,0,4.35820856274756,4.35820856274756,4.65820856274756,0.3,-0.3
31,1981,2,0,1,0,4.3826146379896,4.3826146379896,4.6826146379896,0.3,-0.36
31,1982,3,0,1,0,4.13539912376367,4.13539912376367,4.43539912376367,0.3,-0.42
31,1983,4,0,1,0,4.29400533955493,4.29400533955493,4.59400533955493,0.3,-0.48
31,1984,5,0,1,0,4.14219391596253,4.14219391596253,4.44219391596253,0.3,-0.54
31,1985,6,0,1,0,4.07044543776889,4.07044543776889,4.37044543776889,0.3,-0.6
31,1986,7,0,1,0,3.79437875559357,3.79437875559357,4.09437875559357,0.3,-0.66
31,1987,8,0,1,0,4.05060968584871,4.05060968584871,4.35060968584871,0.3,-0.72
31,1988,9,0,1,0,3.24416855071765,3.24416855071765,3.54416855071765,0.3,-0.78
32,1975,-4,0,0,0,4.91323301052791,4.91323301052791,5.21323301052791,0.3,0
32,1976,-3,0,0,0,4.86225640043061,4.86225640043061,5.16225640043061,0.3,-0.06
32,1977,-2,0,0,0,4.7979227880835,4.7979227880835,5.0979227880835,0.3,-0.12
32,1978,-1,0,0,0,4.69645838356616,4.69645838356616,4.99645838356616,0.3,-0.18
32,1979,0,0,1,0,4.18953812203411,4.18953812203411,4.48953812203411,0.3,-0.24
32,1980,1,0,1,0,4.51573345203967,4.51573345203967,4.81573345203967,0.3,-0.3
32,1981,2,0,1,0,4.34619204588091,4.34619204588091,4.64619204588091,0.3,-0.36
32,1982,3,0,1,0,4.33153323257809,4.33153323257809,4.63153323257809,0.3,-0.42
32,1983,4,0,1,0,4.24488499715811,4.24488499715811,4.54488499715811,0.3,-0.48
32,1984,5,0,1,0,3.881308206742,3.881308206742,4.181308206742,0.3,-0.54
32,1985,6,0,1,0,4.09048793338774,4.09048793338774,4.39048793338774,0.3,-0.6
32,1986,7,0,1,0,4.18606564706626,4.18606564706626,4.48606564706626,0.3,-0.66
32,1987,8,0,1,0,3.66438078743964,3.66438078743964,3.96438078743964,0.3,-0.72
32,1988,9,0,1,0,3.66944366055324,3.66944366055324,3.96944366055324,0.3,-0.78
33,1975,-4,0,0,0,4.70328283052255,4.70328283052255,5.00328283052255,0.3,0
33,1976,-3,0,0,0,4.75877472547582,4.75877472547582,5.05877472547582,0.3,-0.06
33,1977,-2,0,0,0,4.54976998758941,4.54976998758941,4.84976998758941,0.3,-0.12
33,1978,-1,0,0,0,4.0702650201112,4.0702650201112,4.3702650201112,0.3,-0.18
33,1979,0,0,1,0,4.15884556271137,4.15884556271137,4.45884556271137,0.3,-0.24
33,1980,1,0,1,0,4.34169214310712,4.34169214310712,4.64169214310712,0.3,-0.3
33,1981,2,0,1,0,4.58076719211525,4.58076719211525,4.88076719211525,0.3,-0.36
33,1982,3,0,1,0,4.11317111638717,4.11317111638717,4.41317111638717,0.3,-0.42
33,1983,4,0,1,0,3.88633953188911,3.88633953188911,4.18633953188911,0.3,-0.48
33,1984,5,0,1,0,4.13670651377351,4.13670651377351,4.43670651377351,0.3,-0.54
33,1985,6,0,1,0,4.0435606712065,4.0435606712065,4.3435606712065,0.3,-0.6
33,1986,7,0,1,0,3.82108664159367,3.82108664159367,4.12108664159367,0.3,-0.66
33,1987,8,0,1,0,3.43967816323012,3.43967816323012,3.73967816323012,0.3,-0.72
33,1988,9,0,1,0,3.76793814194347,3.76793814194347,4.06793814194347,0.3,-0.78
34,1975,-4,0,0,0,4.81948227465034,4.81948227465034,5.11948227465034,0.3,0
34,1976,-3,0,0,0,4.65353473567606,4.65353473567606,4.95353473567606,0.3,-0.06
34,1977,-2,0,0,0,4.63995936592085,4.63995936592085,4.93995936592085,0.3,-0.12
34,1978,-1,0,0,0,4.39285280208131,4.39285280208131,4.69285280208131,0.3,-0.18
34,1979,0,0,1,0,4.3893127657211,4.3893127657211,4.6893127657211,0.3,-0.24
34,1980,1,0,1,0,4.51209423080091,4.51209423080091,4.81209423080091,0.3,-0.3
34,1981,2,0,1,0,4.34248604328856,4.34248604328856,4.64248604328856,0.3,-0.36
34,1982,3,0,1,0,4.03156204530137,4.03156204530137,4.33156204530137,0.3,-0.42
34,1983,4,0,1,0,4.13127001785546,4.13127001785546,4.43127001785546,0.3,-0.48
34,1984,5,0,1,0,4.0397673490733,4.0397673490733,4.3397673490733,0.3,-0.54
34,1985,6,0,1,0,4.14899728350509,4.14899728350509,4.44899728350509,0.3,-0.6
34,1986,7,0,1,0,3.76566122379235,3.76566122379235,4.06566122379235,0.3,-0.66
34,1987,8,0,1,0,3.78895362385732,3.78895362385732,4.08895362385732,0.3,-0.72
34,1988,9,0,1,0,3.73676217528901,3.73676217528901,4.03676217528901,0.3,-0.78
35,1975,-4,0,0,0,4.7167746873002,4.7167746873002,5.0167746873002,0.3,0
35,1976,-3,0,0,0,4.68175721937016,4.68175721937016,4.98175721937016,0.3,-0.06
35,1977,-2,0,0,0,4.26199452076692,4.26199452076692,4.56199452076692,0.3,-0.12
35,1978,-1,0,0,0,4.11002165469971,4.11002165469971,4.41002165469971,0.3,-0.18
35,1979,0,0,1,0,4.1812280813383,4.1812280813383,4.4812280813383,0.3,-0.24
35,1980,1,0,1,0,3.7279105255436,3.7279105255436,4.0279105255436,0.3,-0.3
35,1981,2,0,1,0,3.8553099807097,3.8553099807097,4.1553099807097,0.3,-0.36
35,1982,3,0,1,0,3.84451847752208,3.84451847752208,4.14451847752208,0.3,-0.42
35,1983,4,0,1,0,3.93247008997136,3.93247008997136,4.23247008997136,0.3,-0.48
35,1984,5,0,1,0,3.62754494442065,3.62754494442065,3.92754494442065,0.3,-0.54
35,1985,6,0,1,0,3.50590330131692,3.50590330131692,3.80590330131692,0.3,-0.6
35,1986,7,0,1,0,3.41524731831498,3.41524731831498,3.71524731831498,0.3,-0.66
35,1987,8,0,1,0,3.49602505170428,3.49602505170428,3.79602505170428,0.3,-0.72
35,1988,9,0,1,0,3.20409992161619,3.20409992161619,3.50409992161619,0.3,-0.78
36,1975,-4,0,0,0,4.85495357072988,4.85495357072988,5.15495357072988,0.3,0
36,1976,-3,0,0,0,4.36217968845339,4.36217968845339,4.66217968845339,0.3,-0.06
36,1977,-2,0,0,0,4.44602967113596,4.44602967113596,4.74602967113595,0.3,-0.12
36,1978,-1,0,0,0,4.33622974933614,4.33622974933614,4.63622974933614,0.3,-0.18
36,1979,0,0,1,0,4.52581223657549,4.52581223657549,4.82581223657549,0.3,-0.24
36,1980,1,0,1,0,3.80141596008968,3.80141596008968,4.10141596008968,0.3,-0.3
36,1981,2,0,1,0,4.14557643326886,4.14557643326886,4.44557643326886,0.3,-0.36
36,1982,3,0,1,0,4.421399489755,4.421399489755,4.721399489755,0.3,-0.42
36,1983,4,0,1,0,4.05968038168141,4.05968038168141,4.35968038168141,0.3,-0.48
36,1984,5,0,1,0,3.9044582924992,3.9044582924992,4.2044582924992,0.3,-0.54
36,1985,6,0,1,0,3.89434424996647,3.89434424996647,4.19434424996647,0.3,-0.6
36,1986,7,0,1,0,3.48522713267584,3.48522713267584,3.78522713267584,0.3,-0.66
36,1987,8,0,1,0,3.78199395032748,3.78199395032748,4.08199395032748,0.3,-0.72
36,1988,9,0,1,0,3.71881877198541,3.71881877198541,4.01881877198541,0.3,-0.78
37,1975,-4,0,0,0,4.10591369618951,4.10591369618951,4.40591369618951,0.3,0
37,1976,-3,0,0,0,4.6179340222568,4.6179340222568,4.9179340222568,0.3,-0.06
37,1977,-2,0,0,0,4.274977419868,4.274977419868,4.574977419868,0.3,-0.12
37,1978,-1,0,0,0,3.90464118011355,3.90464118011355,4.20464118011355,0.3,-0.18
37,1979,0,0,1,0,3.90997074161245,3.90997074161245,4.20997074161245,0.3,-0.24
37,1980,1,0,1,0,3.38648312604881,3.38648312604881,3.68648312604881,0.3,-0.3
37,1981,2,0,1,0,3.50785435779168,3.50785435779168,3.80785435779168,0.3,-0.36
37,1982,3,0,1,0,4.04074299242926,4.04074299242926,4.34074299242926,0.3,-0.42
37,1983,4,0,1,0,3.4182172897628,3.4182172897628,3.7182172897628,0.3,-0.48
37,1984,5,0,1,0,3.40829275651824,3.40829275651824,3.70829275651824,0.3,-0.54
37,1985,6,0,1,0,3.47709564982366,3.47709564982366,3.77709564982366,0.3,-0.6
37,1986,7,0,1,0,3.14129106741948,3.14129106741948,3.44129106741948,0.3,-0.66
37,1987,8,0,1,0,3.20813412382362,3.20813412382362,3.50813412382362,0.3,-0.72
37,1988,9,0,1,0,3.1672207607002,3.1672207607002,3.4672207607002,0.3,-0.78
38,1975,-4,0,0,0,5.09350289442874,5.09350289442874,5.39350289442874,0.3,0
38,1976,-3,0,0,0,4.940395587344,4.940395587344,5.240395587344,0.3,-0.06
38,1977,-2,0,0,0,5.11516668777475,5.11516668777475,5.41516668777475,0.3,-0.12
38,1978,-1,0,0,0,4.80708098056913,4.80708098056913,5.10708098056913,0.3,-0.18
38,1979,0,0,1,0,4.61342029853877,4.61342029853877,4.91342029853877,0.3,-0.24
38,1980,1,0,1,0,4.45721989265881,4.45721989265881,4.75721989265881,0.3,-0.3
38,1981,2,0,1,0,4.45859892619242,4.45859892619242,4.75859892619242,0.3,-0.36
38,1982,3,0,1,0,4.81391567402049,4.81391567402049,5.11391567402049,0.3,-0.42
38,1983,4,0,1,0,4.61352874386326,4.61352874386326,4.91352874386326,0.3,-0.48
38,1984,5,0,1,0,4.14658987475913,4.14658987475913,4.44658987475913,0.3,-0.54
38,1985,6,0,1,0,4.27359137150578,4.27359137150578,4.57359137150578,0.3,-0.6
38,1986,7,0,1,0,4.21300911082164,4.21300911082164,4.51300911082164,0.3,-0.66
38,1987,8,0,1,0,4.11100540190749,4.11100540190749,4.41100540190749,0.3,-0.72
38,1988,9,0,1,0,3.92232310388517,3.92232310388517,4.22232310388517,0.3,-0.78
39,1975,-4,0,0,0,4.30913751114823,4.30913751114823,4.60913751114823,0.3,0
39,1976,-3,0,0,0,3.98356107147374,3.98356107147374,4.28356107147374,0.3,-0.06
39,1977,-2,0,0,0,4.1972569135955,4.1972569135955,4.4972569135955,0.3,-0.12
39,1978,-1,0,0,0,4.06378971594909,4.06378971594909,4.36378971594909,0.3,-0.18
39,1979,0,0,1,0,4.11183695568981,4.11183695568981,4.41183695568981,0.3,-0.24
39,1980,1,0,1,0,3.69695269365341,3.69695269365341,3.99695269365341,0.3,-0.3
39,1981,2,0,1,0,4.27942239821177,4.27942239821177,4.57942239821177,0.3,-0.36
39,1982,3,0,1,0,3.48441024955085,3.48441024955085,3.78441024955085,0.3,-0.42
39,1983,4,0,1,0,3.54410906760194,3.54410906760194,3.84410906760194,0.3,-0.48
39,1984,5,0,1,0,3.40736419634266,3.40736419634266,3.70736419634266,0.3,-0.54
39,1985,6,0,1,0,3.74971679333445,3.74971679333445,4.04971679333445,0.3,-0.6
39,1986,7,0,1,0,4.01083441434413,4.01083441434413,4.31083441434413,0.3,-0.66
39,1987,8,0,1,0,3.34378100269398,3.34378100269398,3.64378100269398,0.3,-0.72
39,1988,9,0,1,0,3.41227775093072,3.41227775093072,3.71227775093072,0.3,-0.78
40,1975,-4,0,0,0,4.47996407910043,4.47996407910043,4.77996407910043,0.3,0
40,1976,-3,0,0,0,4.79813558883462,4.79813558883462,5.09813558883462,0.3,-0.06
40,1977,-2,0,0,0,3.99784808842635,3.99784808842635,4.29784808842635,0.3,-0.12
40,1978,-1,0,0,0,4.56181021153375,4.56181021153375,4.86181021153375,0.3,-0.18
40,1979,0,0,1,0,4.06375242519135,4.06375242519135,4.36375242519135,0.3,-0.24
40,1980,1,0,1,0,4.31870335292058,4.31870335292058,4.61870335292058,0.3,-0.3
40,1981,2,0,1,0,4.36832568470484,4.36832568470484,4.66832568470484,0.3,-0.36
40,1982,3,0,1,0,4.14795677906324,4.14795677906324,4.44795677906324,0.3,-0.42
40,1983,4,0,1,0,3.96137911868817,3.96137911868817,4.26137911868817,0.3,-0.48
40,1984,5,0,1,0,3.96587277694857,3.96587277694857,4.26587277694857,0.3,-0.54
40,1985,6,0,1,0,3.92607583226722,3.92607583226722,4.22607583226722,0.3,-0.6
40,1986,7,0,1,0,3.82682469838105,3.82682469838105,4.12682469838105,0.3,-0.66
40,1987,8,0,1,0,3.58984086900774,3.58984086900774,3.88984086900774,0.3,-0.72
40,1988,9,0,1,0,3.84344299590956,3.84344299590956,4.14344299590956,0.3,-0.78
41,1975,-4,0,0,0,4.82696187038509,4.82696187038509,5.12696187038509,0.3,0
41,1976,-3,0,0,0,4.43420406030882,4.43420406030882,4.73420406030882,0.3,-0.06
41,1977,-2,0,0,0,4.67852021896035,4.67852021896035,4.97852021896035,0.3,-0.12
41,1978,-1,0,0,0,4.41935365594811,4.41935365594811,4.71935365594811,0.3,-0.18
41,1979,0,0,1,0,4.29834213211882,4.29834213211882,4.59834213211882,0.3,-0.24
41,1980,1,0,1,0,4.20828576609782,4.20828576609782,4.50828576609782,0.3,-0.3
41,1981,2,0,1,0,4.64457549100678,4.64457549100678,4.94457549100678,0.3,-0.36
41,1982,3,0,1,0,4.54604188849003,4.54604188849003,4.84604188849003,0.3,-0.42
41,1983,4,0,1,0,4.00734218540605,4.00734218540605,4.30734218540605,0.3,-0.48
41,1984,5,0,1,0,4.44809541912841,4.44809541912841,4.74809541912841,0.3,-0.54
41,1985,6,0,1,0,4.04033864148654,4.04033864148654,4.34033864148654,0.3,-0.6
41,1986,7,0,1,0,4.19034689913805,4.19034689913805,4.49034689913805,0.3,-0.66
41,1987,8,0,1,0,4.00120995690917,4.00120995690917,4.30120995690917,0.3,-0.72
41,1988,9,0,1,0,3.5404618990593,3.5404618990593,3.8404618990593,0.3,-0.78
42,1975,-4,0,0,0,4.33765963623763,4.33765963623763,4.63765963623763,0.3,0
42,1976,-3,0,0,0,4.21289818260548,4.21289818260548,4.51289818260548,0.3,-0.06
42,1977,-2,0,0,0,3.96791908900459,3.96791908900459,4.26791908900459,0.3,-0.12
42,1978,-1,0,0,0,4.38807808289927,4.38807808289927,4.68807808289927,0.3,-0.18
42,1979,0,0,1,0,4.332737096181,4.332737096181,4.632737096181,0.3,-0.24
42,1980,1,0,1,0,3.85182273996155,3.85182273996155,4.15182273996155,0.3,-0.3
42,1981,2,0,1,0,4.11492919837336,4.11492919837336,4.41492919837335,0.3,-0.36
42,1982,3,0,1,0,4.09832369142456,4.09832369142456,4.39832369142456,0.3,-0.42
42,1983,4,0,1,0,3.70275941478456,3.70275941478456,4.00275941478456,0.3,-0.48
42,1984,5,0,1,0,3.56552191939214,3.56552191939214,3.86552191939214,0.3,-0.54
42,1985,6,0,1,0,3.66087180451318,3.66087180451318,3.96087180451318,0.3,-0.6
42,1986,7,0,1,0,3.32787186437944,3.32787186437944,3.62787186437944,0.3,-0.66
42,1987,8,0,1,0,3.30704165228227,3.30704165228227,3.60704165228227,0.3,-0.72
42,1988,9,0,1,0,3.45646600942946,3.45646600942946,3.75646600942946,0.3,-0.78
43,1975,-4,0,0,0,5.3053669729645,5.3053669729645,5.6053669729645,0.3,0
43,1976,-3,0,0,0,5.0759576828882,5.0759576828882,5.3759576828882,0.3,-0.06
43,1977,-2,0,0,0,4.8733102639854,4.8733102639854,5.1733102639854,0.3,-0.12
43,1978,-1,0,0,0,5.13592397394588,5.13592397394588,5.43592397394588,0.3,-0.18
43,1979,0,0,1,0,4.6217851601471,4.6217851601471,4.9217851601471,0.3,-0.24
43,1980,1,0,1,0,4.80087647446278,4.80087647446278,5.10087647446278,0.3,-0.3
43,1981,2,0,1,0,4.766022924754,4.766022924754,5.066022924754,0.3,-0.36
43,1982,3,0,1,0,4.74522625750781,4.74522625750781,5.04522625750781,0.3,-0.42
43,1983,4,0,1,0,4.57633294755732,4.57633294755732,4.87633294755732,0.3,-0.48
43,1984,5,0,1,0,4.42913883853139,4.42913883853139,4.72913883853139,0.3,-0.54
43,1985,6,0,1,0,4.49397616126148,4.49397616126148,4.79397616126148,0.3,-0.6
43,1986,7,0,1,0,4.30346539255483,4.30346539255483,4.60346539255483,0.3,-0.66
43,1987,8,0,1,0,4.29988206248213,4.29988206248213,4.59988206248213,0.3,-0.72
43,1988,9,0,1,0,3.98442184951609,3.98442184951609,4.28442184951609,0.3,-0.78
44,1975,-4,0,0,0,4.28106943226592,4.28106943226592,4.58106943226592,0.3,0
44,1976,-3,0,0,0,4.4578338066446,4.4578338066446,4.7578338066446,0.3,-0.06
44,1977,-2,0,0,0,4.33744900326875,4.33744900326875,4.63744900326875,0.3,-0.12
44,1978,-1,0,0,0,4.14760371670501,4.14760371670501,4.44760371670501,0.3,-0.18
44,1979,0,0,1,0,3.86120638941016,3.86120638941016,4.16120638941016,0.3,-0.24
44,1980,1,0,1,0,4.25041870037367,4.25041870037367,4.55041870037367,0.3,-0.3
44,1981,2,0,1,0,3.90878762412513,3.90878762412513,4.20878762412513,0.3,-0.36
44,1982,3,0,1,0,3.86240932789912,3.86240932789912,4.16240932789912,0.3,-0.42
44,1983,4,0,1,0,3.92531285004316,3.92531285004316,4.22531285004316,0.3,-0.48
44,1984,5,0,1,0,3.72268993251981,3.72268993251981,4.02268993251981,0.3,-0.54
44,1985,6,0,1,0,3.40174390180423,3.40174390180423,3.70174390180423,0.3,-0.6
44,1986,7,0,1,0,3.28132209319214,3.28132209319214,3.58132209319214,0.3,-0.66
44,1987,8,0,1,0,3.37233940056507,3.37233940056507,3.67233940056507,0.3,-0.72
44,1988,9,0,1,0,3.24318630248684,3.24318630248684,3.54318630248684,0.3,-0.78
45,1975,-4,0,0,0,4.75285188904823,4.75285188904823,5.05285188904823,0.3,0
45,1976,-3,0,0,0,4.47452918724498,4.47452918724498,4.77452918724498,0.3,-0.06
45,1977,-2,0,0,0,4.47073757381198,4.47073757381198,4.77073757381198,0.3,-0.12
45,1978,-1,0,0,0,4.46003315227698,4.46003315227698,4.76003315227698,0.3,-0.18
45,1979,0,0,1,0,4.06197883241437,4.06197883241437,4.36197883241437,0.3,-0.24
45,1980,1,0,1,0,4.26648860279487,4.26648860279487,4.56648860279487,0.3,-0.3
45,1981,2,0,1,0,4.02708761571716,4.02708761571716,4.32708761571716,0.3,-0.36
45,1982,3,0,1,0,4.07073027403783,4.07073027403783,4.37073027403783,0.3,-0.42
45,1983,4,0,1,0,3.74082506161706,3.74082506161706,4.04082506161706,0.3,-0.48
45,1984,5,0,1,0,4.08017293626749,4.08017293626749,4.38017293626749,0.3,-0.54
45,1985,6,0,1,0,3.60527235459333,3.60527235459333,3.90527235459333,0.3,-0.6
45,1986,7,0,1,0,3.65002234084501,3.65002234084501,3.95002234084501,0.3,-0.66
45,1987,8,0,1,0,3.69045110287592,3.69045110287592,3.99045110287592,0.3,-0.72
45,1988,9,0,1,0,3.67284427719,3.67284427719,3.97284427719,0.3,-0.78
46,1975,-4,0,0,0,4.55013511407956,4.55013511407956,4.85013511407956,0.3,0
46,1976,-3,0,0,0,4.65943507768962,4.65943507768962,4.95943507768962,0.3,-0.06
46,1977,-2,0,0,0,4.43704965605152,4.43704965605152,4.73704965605152,0.3,-0.12
46,1978,-1,0,0,0,4.30212814829679,4.30212814829679,4.60212814829679,0.3,-0.18
46,1979,0,0,1,0,4.1491743484803,4.1491743484803,4.4491743484803,0.3,-0.24
46,1980,1,0,1,0,4.2026560873491,4.2026560873491,4.5026560873491,0.3,-0.3
46,1981,2,0,1,0,4.17227550052416,4.17227550052416,4.47227550052416,0.3,-0.36
46,1982,3,0,1,0,4.22336129921161,4.22336129921161,4.52336129921161,0.3,-0.42
46,1983,4,0,1,0,4.14551659745776,4.14551659745776,4.44551659745776,0.3,-0.48
46,1984,5,0,1,0,3.6051405489383,3.6051405489383,3.9051405489383,0.3,-0.54
46,1985,6,0,1,0,4.07337567637118,4.07337567637118,4.37337567637118,0.3,-0.6
46,1986,7,0,1,0,3.40120333852825,3.40120333852825,3.70120333852825,0.3,-0.66
46,1987,8,0,1,0,3.57431337070549,3.57431337070549,3.87431337070549,0.3,-0.72
46,1988,9,0,1,0,3.70426310957822,3.70426310957822,4.00426310957822,0.3,-0.78
47,1975,-4,0,0,0,4.53229101839786,4.53229101839786,4.83229101839786,0.3,0
47,1976,-3,0,0,0,4.046636668096,4.046636668096,4.346636668096,0.3,-0.06
47,1977,-2,0,0,0,4.71061963106546,4.71061963106546,5.01061963106546,0.3,-0.12
47,1978,-1,0,0,0,3.90331287149218,3.90331287149218,4.20331287149218,0.3,-0.18
47,1979,0,0,1,0,4.03849194629366,4.03849194629366,4.33849194629366,0.3,-0.24
47,1980,1,0,1,0,3.69321560532751,3.69321560532751,3.99321560532751,0.3,-0.3
47,1981,2,0,1,0,4.15326255060225,4.15326255060225,4.45326255060225,0.3,-0.36
47,1982,3,0,1,0,3.98276451014861,3.98276451014861,4.28276451014861,0.3,-0.42
47,1983,4,0,1,0,3.72826211054402,3.72826211054402,4.02826211054402,0.3,-0.48
47,1984,5,0,1,0,3.31222182831854,3.31222182831854,3.61222182831854,0.3,-0.54
47,1985,6,0,1,0,3.54791287156214,3.54791287156214,3.84791287156214,0.3,-0.6
47,1986,7,0,1,0,3.09170634487273,3.09170634487273,3.39170634487273,0.3,-0.66
47,1987,8,0,1,0,3.40888487179236,3.40888487179236,3.70888487179236,0.3,-0.72
47,1988,9,0,1,0,3.16480447797495,3.16480447797495,3.46480447797495,0.3,-0.78
48,1975,-4,0,0,0,4.8540011879997,4.8540011879997,5.1540011879997,0.3,0
48,1976,-3,0,0,0,4.68061324803657,4.68061324803657,4.98061324803657,0.3,-0.06
48,1977,-2,0,0,0,4.3792347298771,4.3792347298771,4.6792347298771,0.3,-0.12
48,1978,-1,0,0,0,4.48665813510961,4.48665813510961,4.78665813510961,0.3,-0.18
48,1979,0,0,1,0,4.08214612194589,4.08214612194589,4.38214612194589,0.3,-0.24
48,1980,1,0,1,0,4.47997421918437,4.47997421918437,4.77997421918437,0.3,-0.3
48,1981,2,0,1,0,4.09684694238224,4.09684694238224,4.39684694238224,0.3,-0.36
48,1982,3,0,1,0,4.41098621066299,4.41098621066299,4.71098621066299,0.3,-0.42
48,1983,4,0,1,0,3.95331171010253,3.95331171010253,4.25331171010253,0.3,-0.48
48,1984,5,0,1,0,4.08183155786018,4.08183155786018,4.38183155786018,0.3,-0.54
48,1985,6,0,1,0,4.06737710627024,4.06737710627024,4.36737710627024,0.3,-0.6
48,1986,7,0,1,0,3.92655986327826,3.92655986327826,4.22655986327826,0.3,-0.66
48,1987,8,0,1,0,3.92188030558796,3.92188030558796,4.22188030558796,0.3,-0.72
48,1988,9,0,1,0,3.93175258410416,3.93175258410416,4.23175258410416,0.3,-0.78
49,1975,-4,0,0,0,4.38410263872481,4.38410263872481,4.68410263872481,0.3,0
49,1976,-3,0,0,0,4.40925023707375,4.40925023707375,4.70925023707375,0.3,-0.06
49,1977,-2,0,0,0,4.49748625492553,4.49748625492553,4.79748625492553,0.3,-0.12
49,1978,-1,0,0,0,4.47332615537811,4.47332615537811,4.77332615537811,0.3,-0.18
49,1979,0,0,1,0,4.32144529430698,4.32144529430698,4.62144529430698,0.3,-0.24
49,1980,1,0,1,0,4.17893469950839,4.17893469950839,4.47893469950839,0.3,-0.3
49,1981,2,0,1,0,4.10275219040874,4.10275219040874,4.40275219040874,0.3,-0.36
49,1982,3,0,1,0,4.37838716110565,4.37838716110565,4.67838716110565,0.3,-0.42
49,1983,4,0,1,0,3.8551732466479,3.8551732466479,4.1551732466479,0.3,-0.48
49,1984,5,0,1,0,3.49642278036982,3.49642278036982,3.79642278036982,0.3,-0.54
49,1985,6,0,1,0,3.72687901757013,3.72687901757013,4.02687901757013,0.3,-0.6
49,1986,7,0,1,0,3.76596602238567,3.76596602238567,4.06596602238567,0.3,-0.66
49,1987,8,0,1,0,3.3951417712642,3.3951417712642,3.6951417712642,0.3,-0.72
49,1988,9,0,1,0,3.49963291466591,3.49963291466591,3.79963291466591,0.3,-0.78
50,1975,-4,0,0,0,5.16148794559577,5.16148794559577,5.46148794559577,0.3,0
50,1976,-3,0,0,0,5.19246229665978,5.19246229665978,5.49246229665978,0.3,-0.06
50,1977,-2,0,0,0,4.78799555663927,4.78799555663927,5.08799555663927,0.3,-0.12
50,1978,-1,0,0,0,4.55614449514943,4.55614449514943,4.85614449514943,0.3,-0.18
50,1979,0,0,1,0,4.46554230434755,4.46554230434755,4.76554230434755,0.3,-0.24
50,1980,1,0,1,0,4.43397960400603,4.43397960400603,4.73397960400603,0.3,-0.3
50,1981,2,0,1,0,4.68666360487694,4.68666360487694,4.98666360487694,0.3,-0.36
50,1982,3,0,1,0,4.11010583985612,4.11010583985612,4.41010583985612,0.3,-0.42
50,1983,4,0,1,0,4.51479912907961,4.51479912907961,4.81479912907961,0.3,-0.48
50,1984,5,0,1,0,4.34308895022447,4.34308895022447,4.64308895022447,0.3,-0.54
50,1985,6,0,1,0,4.18854240987386,4.18854240987386,4.48854240987386,0.3,-0.6
50,1986,7,0,1,0,3.9913918709182,3.9913918709182,4.2913918709182,0.3,-0.66
50,1987,8,0,1,0,4.25597398840064,4.25597398840064,4.55597398840064,0.3,-0.72
50,1988,9,0,1,0,3.94896404563205,3.94896404563205,4.24896404563205,0.3,-0.78
